"model","nBites","Emax","nSim","initial_theta","theta","initial_r","r","min_n2ll","rmse_timing","rmse_timing_nNA","rmse_intake","rmse_intake_nNA","ID","noise"
"FPM_Time",50,64.3463239173769,1,29.5318217049075,26.8038976750395,-0.0306783087304157,0.09988708057208,122.579135868791,0.494104356026055,0,0.707067914008011,0,1,"NoNoise"
"FPM_Time",9,114.187164242508,1,6.26265218376171,5.92032572134767,0.478782752818243,0.505518936833332,22.0642443480777,0.257059380139294,0,0.707109343192413,0,2,"NoNoise"
"FPM_Time",66,107.040142913678,1,16.1217527817214,14.8374052784138,0.462926015203875,0.51534045863682,161.80449167693,0.134503524131567,0,0.706856371389433,0,3,"NoNoise"
"FPM_Time",79,157.53905739882,1,14.2071220363241,13.4716528904323,0.370147012896499,0.394938914905137,193.675044453275,0.124607577958553,0,0.707237133111296,0,4,"NoNoise"
"FPM_Time",71,75.8982370002796,1,7.86525772116592,8.69766110598843,0.362695204456273,0.309273821457608,174.062372839338,0.293426946796646,0,0.707070112696935,0,5,"NoNoise"
"FPM_Time",66,159.440324964564,1,22.8305177330637,21.8461378690743,0.139912036218492,0.155446322432109,161.804460644351,0.125321541284458,0,0.707169780078897,0,6,"NoNoise"
"FPM_Time",71,241.008423296021,1,59.7781637222599,57.8461955096892,0.366069280284541,0.395116152534499,174.062373618677,0.0662311664482527,0,0.707054661744761,0,7,"NoNoise"
"FPM_Time",99,281.25020514416,1,37.7853016627776,37.6239499762925,0.060565261629362,0.0583658313204256,242.706689962034,0.107368177314849,0,0.707054823111298,0,8,"NoNoise"
"FPM_Time",59,52.0345391367056,1,13.7783766220122,11.705719306307,0.55994703655012,0.724043712034661,144.643379684935,0.214764860090347,0,0.707119205432758,0,9,"NoNoise"
"FPM_Time",78,124.01646191882,1,4.29607492773584,3.93501311621731,0.365167542670341,0.383633350984019,191.223451078749,0.131293944369218,0,0.70711707906024,0,10,"NoNoise"
"FPM_Time",52,152.227048373355,1,21.7179888936751,20.9205400474972,-0.0403204267993929,-0.0249779905574402,127.482301045197,1.02332139756219,0,0.707136611285104,0,11,"NoNoise"
"FPM_Time",64,137.369407351452,1,33.7298488739277,31.820722254286,0.411388617389409,0.45481300702304,156.901294373661,0.0788799134003513,0,0.707155899953377,0,12,"NoNoise"
"FPM_Time",45,20.2542380882144,1,15.3787526761988,11.1383923147805,-0.326319189486007,0.266667816229165,110.321222045163,1.3414094814105,0,0.707135991091459,0,13,"NoNoise"
"FPM_Time",44,186.783670298541,1,27.6424548229788,27.1515112734552,0.0848203516900003,0.0864315077366989,107.869642614684,0.0744607956076752,0,0.707005917070741,0,14,"NoNoise"
"FPM_Time",45,111.593719049319,1,6.94639995158762,7.28876424873772,0.0328491512914148,0.0274871217182863,110.32122175606,0.309141541943189,0,0.707099703334737,0,15,"NoNoise"
"FPM_Time",36,75.6476537578414,1,21.6934714327867,19.758545288441,0.043672522179297,0.117908271200327,88.2569776022871,0.546907907459168,0,0.707079659217362,0,16,"NoNoise"
"FPM_Time",55,82.2882634758774,1,31.2764060404394,31.6646861070843,0.180923188118604,0.131249297615709,134.837049710318,0.220332084675952,0,0.707152495149566,0,17,"NoNoise"
"FPM_Time",63,46.4286024671235,1,13.1101286462866,11.1992294825613,0.104029356191974,0.233430503308773,154.449711320939,0.574168952979146,0,0.707064815225237,0,18,"NoNoise"
"FPM_Time",27,92.3319477441489,1,24.4910556472908,23.0431029797539,0.0606362475305172,0.116957889402193,66.1927335263681,0.559803797705591,0,0.707154098417204,0,19,"NoNoise"
"FPM_Time",99,233.185197027213,1,31.6478381271281,31.4865030787392,0.361986567432848,0.371740755168258,242.706689351033,0.0573213672546855,0,0.707150698227102,0,20,"NoNoise"
"FPM_Time",103,120.654117506122,1,21.1641066306155,19.8046891201569,0.260334098269258,0.295548883821287,252.513022638237,0.126607070562417,0,0.707176402900503,0,21,"NoNoise"
"FPM_Time",88,113.083508056297,1,21.641623091782,20.8698602863245,0.566329882492232,0.613035106072142,215.739282451553,0.0960941319883241,0,0.707027856734101,0,22,"NoNoise"
"FPM_Time",51,179.808614173582,1,8.4012917359984,8.94245105089506,0.843047764411771,0.820439577922507,125.030718850063,0.0407205973960029,0,0.707060333742419,0,23,"NoNoise"
"FPM_Time",63,180.24144457323,1,17.9879968157889,17.8506683869355,-0.0935237852161811,-0.0901749117394749,154.449711224761,33.3830390302806,0,0.707146412413606,0,24,"NoNoise"
"FPM_Time",52,136.586558077344,1,11.1770704804513,10.6554254690573,0.315633489279555,0.338510030985708,127.482302158582,0.182198161124523,0,0.707166502880602,0,25,"NoNoise"
"FPM_Time",80,60.6208164612882,1,27.0207071682977,27.092690863135,-0.146186329622217,-0.192847038198801,196.126617867201,0.636279102597083,0,0.707059283105296,0,26,"NoNoise"
"FPM_Time",38,70.5094247585939,1,22.3183585671804,20.6388124564546,-0.287206943128185,-0.246766868955456,93.1601447124837,11.9322527999116,0,0.707186084106058,0,27,"NoNoise"
"FPM_Time",83,47.1493558932429,1,35.0181399669522,31.1693914714843,0.0266302984851906,0.315987002200421,203.481365099826,0.304715561396767,0,0.70713584385665,0,28,"NoNoise"
"FPM_Time",93,295.318475705955,1,53.4220570288198,53.932196178215,-0.0484455226275001,-0.0559065887275815,227.997191637549,0.340747467943946,0,0.707114612658192,0,29,"NoNoise"
"FPM_Time",28,37.4901776721872,1,27.9135745764234,23.5084413428326,0.163580142517617,0.41750104556869,68.6443173563762,0.209311305155378,0,0.707022056046012,0,30,"NoNoise"
"FPM_Time",70,195.513652175827,1,20.7945490973741,21.6610433586314,1.07777948520434,1.05788578051386,171.610789402028,0.0170732290688662,0,0.707099249625115,0,31,"NoNoise"
"FPM_Time",33,218.393250010937,1,26.2178668209574,26.3886465330109,0.0263415787320055,0.0202490188862361,80.9022293091495,0.411658260033172,0,0.707095333591429,0,32,"NoNoise"
"FPM_Time",21,149.78300456381,1,49.6445054584051,51.3848974019682,-0.0827503729347444,-0.118245170470567,51.4832373083496,0.72119929890514,0,0.707161190069224,0,33,"NoNoise"
"FPM_Time",81,111.907748284417,1,14.8291197463608,13.6473307731396,0.555796988158705,0.607446670571242,198.578199355154,0.107608641912808,0,0.707125486109797,0,34,"NoNoise"
"FPM_Time",72,144.779351110146,1,21.6797191824718,22.89073217394,0.252580763082072,0.222105627316536,176.513954781294,0.177153390703362,0,0.707107668003275,0,35,"NoNoise"
"FPM_Time",74,170.693260260053,1,10.2815793664676,10.799230003191,0.204022237120401,0.190115100989351,181.417120298704,0.214852884009865,0,0.707120243303346,0,36,"NoNoise"
"FPM_Time",34,76.8007306426779,1,25.3860319271268,23.2344331596301,0.616203116761168,0.689135170515431,83.3538122187413,0.0692361108514733,0,0.707077145959888,0,37,"NoNoise"
"FPM_Time",93,50.5267670204291,1,3.63007519796785,3.28171069361363,-0.046641539077556,-0.0278414323417183,227.997191668298,10.9823272115654,0,0.707096649227282,0,38,"NoNoise"
"FPM_Time",62,131.948533434553,1,23.5693115698226,23.1660095241839,-0.0978866091765737,-0.0844171765675354,151.998133070045,1.48481546962318,0,0.707210574228108,0,39,"NoNoise"
"FPM_Time",75,244.078925522781,1,29.3898959838628,30.227993443361,0.270981517007242,0.261881083925261,183.868703592625,0.0426833740965298,0,0.707140839268381,0,40,"NoNoise"
"FPM_Time",74,153.663199637889,1,16.3279796642919,15.8134243425711,0.113162989193214,0.128755665100108,181.41712208109,0.31101089016611,0,0.707163282827395,0,41,"NoNoise"
"FPM_Time",70,12.528607971727,1,2.31319691683744,4.48258900250948,0.747841458651506,0.140014356054598,171.610792934667,1.12392171385072,0,0.707027007683797,0,42,"NoNoise"
"FPM_Time",94,102.39560577638,1,22.7147608832851,21.370076359973,0.127318926577396,0.175702580502181,230.448774303822,0.294445583371684,0,0.707103815655188,0,43,"NoNoise"
"FPM_Time",57,52.7627378402602,1,17.7426333029159,15.3331208045493,0.268920468092733,0.401165348566428,139.740216272054,0.250890086380222,0,0.707039401885511,0,44,"NoNoise"
"FPM_Time",54,137.70010004827,1,26.2449461246811,24.9795860392514,0.428986792788401,0.472989092102216,132.385477367669,0.125085377973593,0,0.706945208031643,0,45,"NoNoise"
"FPM_Time",84,214.668185290523,1,58.4110094063595,56.9104070781013,0.222085761072576,0.250787728138348,205.932948173432,0.101962677096997,0,0.707069599283047,0,46,"NoNoise"
"FPM_Time",88,54.908937549069,1,4.58053662255386,4.29208492611048,-0.0490310976426635,-0.0309218730378916,215.73941768011,7.28178125673718,0,0.706661687673465,0,47,"NoNoise"
"FPM_Time",56,179.179360871113,1,34.1561413676561,32.8355835842321,0.277608952447539,0.296896226360242,137.288631499178,0.0633723320793398,0,0.707104206876905,0,48,"NoNoise"
"FPM_Time",34,162.550222417536,1,42.5359803031979,40.7493725587679,0.423487518907058,0.452188929845707,83.3538199652338,0.0527007412167757,0,0.70693547384081,0,49,"NoNoise"
"FPM_Time",39,30.5651214065703,1,20.7456409978492,16.7140027680725,-0.231662525635908,0.127948514238233,95.6117257899067,0.984819395048326,0,0.707076632099153,0,50,"NoNoise"
"FPM_Time",64,61.7153408101635,1,3.94424701445522,3.89635394207674,0.515352876063327,0.540883553173307,156.901293541636,0.157388290819685,0,0.70713484145078,0,51,"NoNoise"
"FPM_Time",56,85.8443116229574,1,22.6332350849759,20.7567431392847,0.210638482096331,0.285129940314099,137.288631496214,0.26979326286594,0,0.707106685280433,0,52,"NoNoise"
"FPM_Time",41,121.140840917144,1,17.3925897155179,16.9112091038793,0.190788745254572,0.214480378256221,100.514895237799,0.269164215291145,0,0.707221572896943,0,53,"NoNoise"
"FPM_Time",4,40.9040833226616,1,6.13093841783738,7.65615358919604,0.404540459851184,0.274944027909078,9.8063308606183,1.46120918883462,0,0.70707166654682,0,54,"NoNoise"
"FPM_Time",96,220.466546543703,1,21.2454251949088,20.6169068552143,0.401720521783974,0.409988642273846,235.351939708697,0.0286493128349565,0,0.707105692836072,0,55,"NoNoise"
"FPM_Time",48,128.782248433721,1,28.1217206204555,26.9461972726048,0.115162805070031,0.131749404471235,117.675970433941,0.076836854902295,0,0.707067917309983,0,56,"NoNoise"
"FPM_Time",70,67.5842921020126,1,15.4159998387543,16.3410768150712,0.561040245522686,0.546579506552077,171.610789621434,0.0533922326881704,0,0.707085603395198,0,57,"NoNoise"
"FPM_Time",100,166.381576356961,1,19.8834989085203,19.0751246649639,0.126767827561762,0.145277164445225,245.15827461767,0.24286867726801,0,0.70717827780506,0,58,"NoNoise"
"FPM_Time",50,73.3987452486781,1,15.7797635571314,14.2753869741427,0.0824991145538892,0.143851240043296,122.579135337642,0.514908013239956,0,0.707120306289078,0,59,"NoNoise"
"FPM_Time",72,98.9056774941915,1,12.3313791606069,11.3075734345918,0.318640990645026,0.355870842241308,176.513954814974,0.157499539147793,0,0.707114479194299,0,60,"NoNoise"
"FPM_Time",65,81.1456373789199,1,8.78206064097161,9.54498298250883,0.401116099401248,0.374546447352805,159.352876300045,0.0888997009366718,0,0.707077161839692,0,61,"NoNoise"
"FPM_Time",44,119.923450115585,1,14.8926033736541,14.9378074303062,-0.0122821874203289,-0.00614431299504367,107.86963915571,0.711989036041829,0,0.707125472722927,0,62,"NoNoise"
"FPM_Time",38,149.404345197876,1,12.5992264480036,11.7515674115604,0.674802734974138,0.706615289159371,93.1601430701767,0.0720196908445459,0,0.707136538774861,0,63,"NoNoise"
"FPM_Time",15,54.8082376899429,1,17.8289184510391,19.0182735777889,0.488994619228544,0.473307172740169,36.7737418991411,0.0744473166904658,0,0.707211667058673,0,64,"NoNoise"
"FPM_Time",42,22.456254200424,1,17.7054888138734,12.8785294992849,0.00112597689866817,0.669799648597837,102.966474565728,0.624429212832239,0,0.707053791591923,0,65,"NoNoise"
"FPM_Time",80,97.448898871307,1,8.39324115361534,9.04511148200743,0.245312397110751,0.225841515709226,196.126620546903,0.13813921975292,0,0.707187059291042,0,66,"NoNoise"
"FPM_Time",70,184.789850065124,1,21.4017341896308,20.7072722079848,0.183644892694877,0.200757596199789,171.610789515802,0.189060415782106,0,0.707090660314218,0,67,"NoNoise"
"FPM_Time",22,113.641142289713,1,16.777110630022,16.5388567193069,0.182822585987504,0.177267001621114,53.9348195332979,0.179018764268486,0,0.707096973526506,0,68,"NoNoise"
"FPM_Time",87,78.0299413075571,1,35.0787119541182,32.2304185711708,0.186595482223481,0.311675569606758,213.287695838011,0.213625149941316,0,0.707132983823183,0,69,"NoNoise"
"FPM_Time",70,53.7465715539487,1,13.8194365524306,12.4052312885931,0.284745050569517,0.338748396430083,171.61079140366,0.102226403732663,0,0.707167043808364,0,70,"NoNoise"
"FPM_Time",74,157.819049469266,1,41.3147219712674,39.5418748882765,0.0684614987491935,0.102576406738101,181.417135997771,0.217765212978785,0,0.706943411550611,0,71,"NoNoise"
"FPM_Time",41,134.403916961128,1,30.9585420092556,30.6022504874151,0.15605033156653,0.178266377488732,100.514891016086,0.198612850844966,0,0.70712417396338,0,72,"NoNoise"
"FPM_Time",42,190.674667232302,1,25.4109283077024,25.6515970615251,0.00654101720361266,-0.0014172274852821,102.966473771312,0.508332131364581,0,0.707127850964733,0,73,"NoNoise"
"FPM_Time",110,225.166807952623,1,33.3564749518968,34.5682026139126,0.272887599829188,0.255963252543806,269.674097805886,0.0700723187913852,0,0.707122737613653,0,74,"NoNoise"
"FPM_Time",72,135.306141643429,1,12.9606203371904,13.0227028112317,0.388079689985196,0.396332841810278,176.513955023758,0.0798512912241618,0,0.707127317762247,0,75,"NoNoise"
"FPM_Time",25,122.299833660373,1,15.1260618287309,14.9473017144888,0.243916500101886,0.260216808887114,61.2895679039214,0.220619585243567,0,0.707143639606909,0,76,"NoNoise"
"FPM_Time",20,164.067577745268,1,2.22908356563088,2.35128931531944,0.442787791268,0.436628669777988,49.031654225677,0.0641050517786043,0,0.707134155400792,0,77,"NoNoise"
"FPM_Time",67,26.4562895479538,1,31.4697030008615,24.0761450017354,-0.0963398332166864,0.717316917396018,164.256041415551,0.336843504267367,0,0.707089441802828,0,78,"NoNoise"
"FPM_Time",56,125.813276653419,1,12.1201864388579,11.3426367613993,0.387423207075179,0.410161399216497,137.288638601769,0.0912493608613977,0,0.70698086090554,0,79,"NoNoise"
"FPM_Time",55,79.7335245100459,1,14.8106473533659,13.3860249050453,0.319718480267771,0.389632271998954,134.837048861387,0.250883065123112,0,0.707094126226682,0,80,"NoNoise"
"FPM_Time",24,44.1111610251147,1,6.02587611346289,6.70246350249352,0.462905521528296,0.367780220299983,58.8379849342482,0.517550014135808,0,0.707100614590282,0,81,"NoNoise"
"FPM_Time",64,128.088142179538,1,21.5315109563061,20.7987090812623,0.170965763736713,0.198915780158762,156.901294034893,0.245235789887377,0,0.707148624838272,0,82,"NoNoise"
"FPM_Time",60,100.366468251173,1,28.9407826892556,30.5077994809333,0.0944538751934478,0.0382611979037673,147.094963009519,0.377031866323793,0,0.707144756325726,0,83,"NoNoise"
"FPM_Time",57,236.751112568883,1,57.0977792238195,56.3006275153213,-0.212032657756522,-0.209436932783338,139.740215490892,0.874728155028903,0,0.707053609186902,0,84,"NoNoise"
"FPM_Time",46,47.1570828910575,1,25.1784458493182,25.5026731376997,0.0491781448450484,0.115182772639093,112.772804476082,0.290829465504171,0,0.707097345191922,0,85,"NoNoise"
"FPM_Time",81,288.479356042848,1,42.3801517707054,41.6784787973694,-0.108242982753937,-0.104937898413909,198.578199128547,0.411812092500425,0,0.707106385906952,0,86,"NoNoise"
"FPM_Time",25,55.9215946181083,1,11.6818580101833,10.4942193517927,-0.0750379608797661,-0.0353353750891983,61.2895676372529,1.30708051769752,0,0.707111789462958,0,87,"NoNoise"
"FPM_Time",69,112.002904488237,1,27.9574358373724,28.3508029971272,0.728818420027376,0.742991466447711,169.159211124696,0.0429966928214884,0,0.707016906281513,0,88,"NoNoise"
"FPM_Time",49,30.1827050190157,1,7.91663086991727,9.50463616903289,0.201837672410693,0.00902109403396023,120.127552577991,1.22666159515047,0,0.707113708009183,0,89,"NoNoise"
"FPM_Time",46,59.9306028468171,1,3.2460263950011,3.0441227889302,0.216068609729657,0.219349198572252,112.7728068724,0.191197441864191,0,0.707025543807428,0,90,"NoNoise"
"FPM_Time",85,85.4724490773078,1,5.61495999804642,6.22282106839702,0.240783312593976,0.209747581358533,208.384535375288,0.346923108141491,0,0.707017465635957,0,91,"NoNoise"
"FPM_Time",102,110.264727963558,1,10.0612636192646,10.7257597972639,0.189732350555963,0.163827983103693,250.061436060139,0.324902886719462,0,0.707094623570422,0,92,"NoNoise"
"FPM_Time",84,182.767393598311,1,41.2920171397715,42.0613185576938,0.663413591322625,0.632522663678727,205.932947604447,0.0516212688729979,0,0.707129931576878,0,93,"NoNoise"
"FPM_Time",46,167.939255274504,1,34.3262611093813,34.5364899790013,0.325608350838289,0.308980648146966,112.772810715812,0.0962471958842161,0,0.70697624542176,0,94,"NoNoise"
"FPM_Time",82,174.142696494117,1,19.4193278865288,19.6154679904529,-0.0517436369027322,-0.0576592932109775,201.029781834146,1.4190909190197,0,0.707105990012251,0,95,"NoNoise"
"FPM_Time",37,83.8926751409194,1,29.9475304355884,28.3825411492702,-0.268744411909292,-0.245526661804483,90.7085602346471,0.544736132439952,0,0.707128446981173,0,96,"NoNoise"
"FPM_Time",7,47.472005140112,1,13.5636562869404,11.4539745920338,0.3698168323528,0.538729282934219,17.1610789514453,0.764793064989489,0,0.707090735176291,0,97,"NoNoise"
"FPM_Time",63,245.206568169108,1,27.8065184314844,27.1612028657684,0.0513588624939929,0.061069679054038,154.449711309744,0.308554898759873,0,0.707148485807911,0,98,"NoNoise"
"FPM_Time",83,48.631632779659,1,24.0782580096018,22.1857520587655,-0.0589420963701973,-0.0177749853086424,203.481365722531,0.0978907725762628,0,0.707064564944529,0,99,"NoNoise"
"FPM_Time",84,119.150516222274,1,26.0752336735496,24.1538714373205,0.740029902286428,0.808516512089091,205.932947491607,0.0671098905390947,0,0.707125964802344,0,100,"NoNoise"
"FPM_Time",94,251.659863627191,1,28.0671245095909,28.9015977195752,0.0620504851385419,0.0524857957573535,230.448792170109,0.221776633698555,0,0.707260975199152,0,101,"NoNoise"
"FPM_Time",63,93.9998408708685,1,3.90320340877045,3.5838922941537,0.305573499501911,0.330677693547619,154.449718577729,0.269975165726379,0,0.707233921073911,0,102,"NoNoise"
"FPM_Time",32,49.9191099461372,1,19.3848047230391,17.7425653670026,-0.12145282174943,-0.00589909110620444,78.4506467242581,1.28540391790989,0,0.707082175975804,0,103,"NoNoise"
"FPM_Time",7,176.461954258707,1,17.4084147818556,16.7449033486801,0.0890774401291932,0.103251570731833,17.1610791866863,0.872953768616949,0,0.707040016563071,0,104,"NoNoise"
"FPM_Time",35,99.2407095708022,1,10.7126517173012,11.1881469217881,0.24048710763817,0.234062444479696,85.8054017231013,0.0756325671041986,0,0.70694826866977,0,105,"NoNoise"
"FPM_Time",31,151.573645790176,1,17.5767069375763,16.7004874433829,0.314386556535953,0.341576895214758,75.9990638646874,0.190831228778967,0,0.707105084013773,0,106,"NoNoise"
"FPM_Time",56,192.726026474149,1,41.4024775847422,41.1354215660701,0.497941061302219,0.490237457975733,137.288631704539,0.0390191094131814,0,0.707128346070653,0,107,"NoNoise"
"FPM_Time",77,132.884330189868,1,17.1962759656797,17.8498301627662,0.566650801441657,0.557083290699629,188.771868313027,0.0297794599132514,0,0.707103728985035,0,108,"NoNoise"
"FPM_Time",79,169.605057763971,1,37.5921701184022,36.1709150609641,-0.0765052057925483,-0.0581494153979016,193.675034485151,0.414738371798835,0,0.707071939296726,0,109,"NoNoise"
"FPM_Time",72,128.928704336886,1,12.5025915356089,11.5664665435306,0.824125884939842,0.874240546385045,176.513955125327,0.0716686590009019,0,0.707082326501732,0,110,"NoNoise"
"FPM_Time",54,135.734012567073,1,34.7873325133451,33.0187908979835,0.0215394697450104,0.0556785004863057,132.385466187698,0.297750546009583,0,0.707122152421338,0,111,"NoNoise"
"FPM_Time",9,38.3860759113235,1,6.22654007600081,7.42734578824813,-0.0122057117995377,-0.083948931157403,22.0642445653089,6.02486817080849,0,0.707051796901983,0,112,"NoNoise"
"FPM_Time",16,128.144559497358,1,11.2483694329729,10.650371822393,0.0607990246452347,0.0770118251708482,39.2253233695682,1.01311906429011,0,0.707132541820561,0,113,"NoNoise"
"FPM_Time",53,178.472675639678,1,38.6153220221519,38.1356339936756,0.401251429592383,0.423396224732278,129.933893812579,0.0797777354135434,0,0.707263667874723,0,114,"NoNoise"
"FPM_Time",66,70.0794447072723,1,11.4571322551875,11.245245861428,0.218304653831724,0.205614730593516,161.804459500637,0.209690957396208,0,0.707064331619289,0,115,"NoNoise"
"FPM_Time",15,33.8130892124326,1,2.90390654951277,2.68655711608289,0.196091820783445,0.249545742990995,36.77374058462,1.27348485582026,0,0.707100149137144,0,116,"NoNoise"
"FPM_Time",26,120.399439753382,1,29.3341736829643,27.6258563865266,0.0903065352784952,0.1329602289742,63.7411507474224,0.383766597323237,0,0.707151175586936,0,117,"NoNoise"
"FPM_Time",48,195.870444664256,1,37.0703312833956,38.3763165012557,0.0770151593975602,0.0616784239556432,117.675975693552,0.150169177566835,0,0.707230117576446,0,118,"NoNoise"
"FPM_Time",76,52.6808270061707,1,21.1853342557797,18.5120782910062,0.275741528239321,0.403966638506609,186.320288186394,0.160023752032432,0,0.707041589184737,0,119,"NoNoise"
"FPM_Time",97,172.556038644277,1,21.3501117892632,20.7127648713977,0.0238854778257931,0.0299958046252474,237.803536484634,0.0998810139313047,0,0.706972142055435,0,120,"NoNoise"
"FPM_Time",89,137.649285633475,1,20.3816971647293,19.8112924882742,0.117437575319923,0.138063141933973,218.190861271219,0.271168516703618,0,0.707080269941521,0,121,"NoNoise"
"FPM_Time",35,37.048715982172,1,4.22399153157282,5.30215595652589,0.39576196332142,0.274500074801472,85.8053948310847,0.694092345156053,0,0.707083950604122,0,122,"NoNoise"
"FPM_Time",37,218.058101438037,1,28.9894077372776,27.9715974093836,0.239903244845693,0.253954881670297,90.7085633792023,0.0945028607296689,0,0.707001471516187,0,123,"NoNoise"
"FPM_Time",19,43.1379926028188,1,14.7750156826506,12.4444306113583,0.211421188959842,0.395961156865815,46.5800715035104,0.665571009067755,0,0.707132814697253,0,124,"NoNoise"
"FPM_Time",76,330.647885675901,1,29.2884580196631,29.4937155772914,0.310635063186748,0.311580235391164,186.320286464615,0.0307111300523575,0,0.707144449505521,0,125,"NoNoise"
"FPM_Time",114,179.367781251051,1,35.8097391256885,34.9933277290486,-0.0712428229101575,-0.0661152346989398,279.480428494376,0.0743787747599332,0,0.707096771544442,0,126,"NoNoise"
"FPM_Time",82,169.027682310347,1,23.1419472199296,22.1803402765331,0.333797475821653,0.349994090294531,201.02978639609,0.0524724116201313,0,0.7071901848788,0,127,"NoNoise"
"FPM_Time",105,140.846559065801,1,21.4637318010099,20.8166209206865,0.291924772773788,0.318470037889347,257.416184278121,0.138924644863552,0,0.707123065017415,0,128,"NoNoise"
"FPM_Time",56,168.378886359595,1,26.5627718832954,26.3593138684477,0.00551158903349611,0.0151597352707876,137.288632852645,0.395201894840271,0,0.707051759680155,0,129,"NoNoise"
"FPM_Time",76,138.809140301474,1,27.9735693556373,27.5155913759584,0.1484049484159,0.170272181922464,186.320288601525,0.190800342660715,0,0.707036548611238,0,130,"NoNoise"
"FPM_Time",31,33.1118738304334,1,10.7212132946221,9.97244994387438,-0.0264984312492355,0.0964218903623987,75.9990641781884,1.34339855785283,0,0.707071187773188,0,131,"NoNoise"
"FPM_Time",70,126.966983074652,1,15.6640067376123,14.7754500195343,0.103596183397753,0.122441044819522,171.610791568839,0.242215380565535,0,0.707044127766292,0,132,"NoNoise"
"FPM_Time",47,206.97173633324,1,33.7235188128593,33.4352092869801,0.0500124514430196,0.0597223301573386,115.224387148634,0.253840251915601,0,0.707107063646837,0,133,"NoNoise"
"FPM_Time",31,152.708494255282,1,31.2904297145671,31.1594736617417,-0.165323158222837,-0.169637079823327,75.9990692584343,4.5410239923534,0,0.707254291942374,0,134,"NoNoise"
"FPM_Time",46,64.4590927889501,1,6.65790456478643,7.50456084211555,0.126464829390263,0.0851785211167225,112.77280452671,0.812371808804662,0,0.707091727636356,0,135,"NoNoise"
"FPM_Time",64,125.151412480667,1,44.6328196897764,43.9985270303383,-0.189172950267935,-0.19332933571052,156.901294169439,0.39785008831726,0,0.707151655637081,0,136,"NoNoise"
"FPM_Time",88,219.16771285643,1,30.4174029155707,29.3403085069198,0.285685791345732,0.30597369674287,215.73927885937,0.100715302677787,0,0.707073201339685,0,137,"NoNoise"
"FPM_Time",56,113.16951733412,1,4.03597179086121,4.00086413384997,0.288556259805001,0.284087298519444,137.288640001598,0.132223915589473,0,0.707244590506629,0,138,"NoNoise"
"FPM_Time",59,154.373340076397,1,33.9790158222295,32.6840883659519,0.428710806745109,0.44763886051748,144.643380036835,0.0315202779115837,0,0.707076783776232,0,139,"NoNoise"
"FPM_Time",78,242.645481546749,1,33.3622948255916,33.687084144086,0.299020525464571,0.288012577053559,191.223457141504,0.0776540843693901,0,0.707007686766297,0,140,"NoNoise"
"FPM_Time",59,29.9004532002129,1,6.14264906739017,6.850946546665,-0.047844444796797,-0.0629340306208178,144.643381326026,0.698649424238719,0,0.707046525651526,0,141,"NoNoise"
"FPM_Time",59,144.644124520988,1,11.2060318195429,11.3344405666676,0.165864978435954,0.156759110500934,144.643380141636,0.234000981684704,0,0.707140277956135,0,142,"NoNoise"
"FPM_Time",116,211.276465430297,1,27.0800492384826,27.6700998177583,0.120614447768555,0.116655729958549,284.383593815315,0.0422771696598495,0,0.707105412400498,0,143,"NoNoise"
"FPM_Time",21,82.9389650065639,1,17.4033733702289,15.9125395832937,0.275717593061185,0.345695986298015,51.4832373619519,0.382061116565938,0,0.707049522424766,0,144,"NoNoise"
"FPM_Time",120,133.581623802374,1,34.5773631525269,33.0573360189548,-0.160866049619018,-0.139598373431685,294.189924774959,0.68361100249562,0,0.707118867195972,0,145,"NoNoise"
"FPM_Time",37,111.541048378177,1,22.1985670878806,21.6036863263961,-0.0170774571599322,-0.0147575019658151,90.7085600989368,0.206358894381204,0,0.707110083020203,0,146,"NoNoise"
"FPM_Time",23,64.1953192953927,1,6.58364755369317,7.29453136841767,-0.0044582296596159,-0.0284064161591233,56.3864022666659,2.41000545139622,0,0.707091141426072,0,147,"NoNoise"
"FPM_Time",33,20.2593950647185,1,6.18906345507406,9.09444540927143,0.696597683104136,0.20539448356576,80.9022294010611,0.817442321525193,0,0.707128672412583,0,148,"NoNoise"
"FPM_Time",26,30.5506066412709,1,19.2569372336308,14.9605197104947,0.369133867873533,0.77731847988216,63.7411523188633,0.344529912533088,0,0.707204391907121,0,149,"NoNoise"
"FPM_Time",28,288.398999008871,1,48.1100444294567,47.2522038155233,-0.0823821040057958,-0.0740551326021296,68.6443161719004,1.00648100338391,0,0.707150279907964,0,150,"NoNoise"
"FPM_Time",64,92.2510190452625,1,5.29347759847412,4.78283441416083,0.225117907609352,0.249546110802662,156.90129375023,0.297842106807768,0,0.707141347561122,0,151,"NoNoise"
"FPM_Time",18,26.8441795370125,1,20.1283819943543,15.3350888639688,0.0886418979651805,0.635809367895126,44.128488706926,0.698803633142162,0,0.707097761319744,0,152,"NoNoise"
"FPM_Time",88,188.184999769411,1,21.6288041721911,20.7710383941621,0.114601829800688,0.130044912693483,215.73927819156,0.222281795426449,0,0.70709339847547,0,153,"NoNoise"
"FPM_Time",53,82.9941029096034,1,9.51414684444436,10.5549646600266,0.483735462853737,0.423227821034379,129.933883391681,0.213426280144893,0,0.707101609759694,0,154,"NoNoise"
"FPM_Time",52,29.26022023642,1,8.63299479813123,10.944214814288,0.359451055513861,0.0918498871193151,127.48230076457,0.799445706410736,0,0.70712145074459,0,155,"NoNoise"
"FPM_Time",35,96.1003085056471,1,19.9771677917181,18.3120990667187,0.384771740512395,0.444459994508308,85.8053949240031,0.171248793865822,0,0.707077574060004,0,156,"NoNoise"
"FPM_Time",48,18.2210627014934,1,12.9120103759411,10.8057129355147,1.08718078053597,1.13441269788891,117.675970147533,0.105664051119342,0,0.707079129157037,0,157,"NoNoise"
"FPM_Time",44,83.2650523884363,1,13.2719367727537,12.0208286376995,0.348210992051037,0.411077749061001,107.869639032744,0.252428605987317,0,0.707106631614929,0,158,"NoNoise"
"FPM_Time",57,104.422911795835,1,21.7279671633964,21.1828522775322,0.27416453643228,0.309915982559323,139.740214255048,0.185364369371442,0,0.707095944753689,0,159,"NoNoise"
"FPM_Time",21,62.5189019817096,1,14.108467490962,12.6849005501135,0.251888668480444,0.345354690006934,51.4832373738203,0.522055333469779,0,0.707164661324006,0,160,"NoNoise"
"FPM_Time",93,106.951874537847,1,21.3421783637829,21.2646805042804,0.0531282935138513,0.0694827589627338,227.997191597437,0.289713118198919,0,0.70710405782358,0,161,"NoNoise"
"FPM_Time",81,178.232658377531,1,28.909040803473,29.5457676032865,0.161529979318466,0.157931963160798,198.578199803791,0.0453125094854155,0,0.70707449931219,0,162,"NoNoise"
"FPM_Time",49,102.058050112273,1,30.8339551179808,31.0873297935391,-0.0273575635042281,-0.0132830886160732,120.127554544551,0.296776155901001,0,0.707177953952009,0,163,"NoNoise"
"FPM_Time",40,87.4899113260344,1,18.1521665845121,17.9200020123754,-0.122396940414925,-0.104192718760396,98.0633087810544,2.25464567942991,0,0.707148968746848,0,164,"NoNoise"
"FPM_Time",58,148.295264284989,1,39.66842831761,41.1577567415023,0.391763276683946,0.37245073569668,142.191797626493,0.0284220343366776,0,0.707146166854351,0,165,"NoNoise"
"FPM_Time",36,123.094699555851,1,4.88804831642262,5.29685967737363,0.322960503758661,0.302284164925203,88.2569780633185,0.240902346299702,0,0.707155120796206,0,166,"NoNoise"
"FPM_Time",85,162.561723161871,1,36.8672274339061,36.0995753669765,0.24993398014271,0.252933584415678,208.384532840538,0.0396366981908978,0,0.707041583634161,0,167,"NoNoise"
"FPM_Time",62,11.9436950399496,1,23.9344797842954,12.3142321109772,0.391920375944139,3.31639895439148,151.998143601164,0.221204340216669,0,0.707285711209728,0,168,"NoNoise"
"FPM_Time",71,73.568587372127,1,31.3308393521159,32.1591116959974,0.382637598170132,0.400013972995469,174.062373307051,0.0809331497188787,0,0.707060220514922,0,169,"NoNoise"
"FPM_Time",29,118.733617543344,1,24.52349032024,23.4927036327966,0.0836225726046702,0.097779582989289,71.0958986520878,0.0904173950532481,0,0.707077517233755,0,170,"NoNoise"
"FPM_Time",47,21.7868829949143,1,31.0849929517666,25.3059895281513,-0.203384901194433,0.858595241666626,115.224390693426,0.429560690069346,0,0.7072038887246,0,171,"NoNoise"
"FPM_Time",54,177.153845403463,1,44.9548558694202,45.435911532731,0.686264192680103,0.693131650296703,132.385466323357,0.0277216883087109,0,0.707130240142062,0,172,"NoNoise"
"FPM_Time",102,147.18360765114,1,26.6152536116458,28.0283716196749,0.259134210702988,0.231849708355952,250.061436151767,0.0973000569200553,0,0.707122909165302,0,173,"NoNoise"
"FPM_Time",75,171.130759874432,1,34.5658389933569,33.5814744961672,-0.193482399412856,-0.182415207189067,183.868703895401,27.6942547857099,0,0.70714758126611,0,174,"NoNoise"
"FPM_Time",95,118.377954583223,1,7.00126990486359,7.35137186239091,0.307824541841364,0.300262477466596,232.900367042678,0.065540556345738,0,0.70722173484212,0,175,"NoNoise"
"FPM_Time",77,80.9652695832872,1,31.188854425397,28.6793870611296,0.292909693263913,0.366930314246689,188.771869185292,0.0912430682151087,0,0.707069029300701,0,176,"NoNoise"
"FPM_Time",36,164.56657770474,1,15.8266451560005,15.3957297922695,0.676694554198847,0.681371534434013,88.2570054574744,0.0238712864488095,0,0.70741907398737,0,177,"NoNoise"
"FPM_Time",35,136.455299480544,1,33.030819038928,31.5023953666527,0.655834257573543,0.68489144334315,85.805395516043,0.0326553009934578,0,0.707052309522789,0,178,"NoNoise"
"FPM_Time",48,62.3012799240078,1,20.7699490876468,18.5330133320412,0.00648375058007913,0.101142211509407,117.675970037981,0.531344708931108,0,0.707084886692287,0,179,"NoNoise"
"FPM_Time",92,179.119119225695,1,42.3763526379086,41.2912439834727,0.230329986415618,0.258801638091973,225.545614652706,0.119942250860726,0,0.70719530224231,0,180,"NoNoise"
"FPM_Time",71,74.6779791815213,1,8.2998820246122,9.13505494419951,0.054526303925849,0.0262358227279037,174.062372442591,0.740388706237314,0,0.707132202361956,0,181,"NoNoise"
"FPM_Time",52,50.4717292666625,1,39.3709933603477,42.3652842969154,-0.14894399131081,-0.202640895082105,127.482300675099,0.0766012947029089,0,0.707107119132079,0,182,"NoNoise"
"FPM_Time",42,144.989212213986,1,23.205099428488,22.7299550541522,0.343067563065136,0.343272581281882,102.966474380346,0.050623283518446,0,0.707154286641388,0,183,"NoNoise"
"FPM_Time",82,266.761471589382,1,30.0261586098472,30.1754290926101,0.438808627462668,0.442343165060357,201.029785379995,0.0320650636053926,0,0.707180312276186,0,184,"NoNoise"
"FPM_Time",6,107.742563840513,1,18.6583027353724,17.6121630743055,0.105089722739327,0.142266300351912,14.7094962326082,1.07992337994304,0,0.707102520229979,0,185,"NoNoise"
"FPM_Time",71,91.2481816567546,1,6.23714688878601,6.77005248303626,0.143180353361171,0.119298110975334,174.062378979406,0.564944988074401,0,0.706996547274608,0,186,"NoNoise"
"FPM_Time",54,48.1168874889894,1,5.90683990572175,6.74222273851728,-0.0411818092629528,-0.0778009777890475,132.385466085654,3.94234172804051,0,0.707107015032995,0,187,"NoNoise"
"FPM_Time",89,104.900778491656,1,6.88961728203301,7.46359938015803,0.170762951264875,0.151938336805506,218.190860850547,0.288365360787931,0,0.707117367063835,0,188,"NoNoise"
"FPM_Time",74,183.002731993982,1,23.1986281895466,22.2597054928192,0.649779388605945,0.681815578858368,181.417122699532,0.063400796665499,0,0.707171875931975,0,189,"NoNoise"
"FPM_Time",69,97.855013183754,1,14.1023014165562,12.927531511165,0.306742898001182,0.353085646213158,169.159206931252,0.19895956748565,0,0.707084818345951,0,190,"NoNoise"
"FPM_Time",65,126.482640096427,1,14.9666056037366,14.4166268620811,-0.0384757531550939,-0.0243589778558077,159.352876728642,1.48018220973108,0,0.707065532831938,0,191,"NoNoise"
"FPM_Time",64,81.9999864030882,1,29.0804762739337,26.7095937606257,0.0400915333868541,0.10955253780166,156.901334762563,0.25476495755516,0,0.706821750768858,0,192,"NoNoise"
"FPM_Time",58,149.257694808491,1,20.2944542968514,21.2635146464851,0.290462050471134,0.261804120788058,142.191798905507,0.178535704452502,0,0.707172418442405,0,193,"NoNoise"
"FPM_Time",42,85.5811242896859,1,29.3781991623517,27.9294724853098,0.176583589108554,0.198083263990702,102.96647362223,0.048868003683529,0,0.707107247736218,0,194,"NoNoise"
"FPM_Time",66,15.674444418136,1,1.67615379853333,2.33730202461473,0.199554638232406,0.0187335675105139,161.80445966527,3.40783782998578,0,0.707060805951282,0,195,"NoNoise"
"FPM_Time",53,74.3040840905355,1,12.3028179846909,10.9685238660313,0.52678516491716,0.613019174803048,129.93388402075,0.18979882133239,0,0.707145646814698,0,196,"NoNoise"
"FPM_Time",98,185.284977884543,1,25.1287498580803,24.3338876818915,0.631467122970169,0.642749477012122,240.255105164629,0.0199810533864899,0,0.707114462961708,0,197,"NoNoise"
"FPM_Time",8,77.1311753188611,1,6.62372713877576,7.46946265703522,0.459546322497564,0.403200889425503,19.6126616946706,0.514388575324286,0,0.707135383655402,0,198,"NoNoise"
"FPM_Time",40,151.341098143856,1,41.9985804250385,40.0723872015733,0.0642737537151025,0.0960022470186233,98.0633082752002,0.20076468413643,0,0.707120881726999,0,199,"NoNoise"
"FPM_Time",47,62.6879459409832,1,3.67456577529694,3.7364767345692,0.0569656453018461,0.0625782680642372,115.224388592139,0.861361956013396,0,0.707168746882684,0,200,"NoNoise"
"FPM_Time",76,73.1181570577863,1,19.7207144076398,18.1599856884709,0.0712660528726528,0.146132124137519,186.320286960489,0.456559534546044,0,0.707059514814465,0,201,"NoNoise"
"FPM_Time",83,103.460448227403,1,23.5019277770715,23.4559997627975,0.162906882967037,0.18338142540592,203.481367774121,0.177547766635428,0,0.707036986266056,0,202,"NoNoise"
"FPM_Time",42,33.6683066189086,1,7.66069152172643,9.15385019405176,-0.120277566632689,-0.203559156306619,102.966473708099,5.70895097825343,0,0.707122774558824,0,203,"NoNoise"
"FPM_Time",108,180.185129989375,1,15.906419925113,15.3157217144447,0.422001911364875,0.432167174297863,264.770932285974,0.0346737009619191,0,0.707095258765874,0,204,"NoNoise"
"FPM_Time",28,64.890464802344,1,0.985819260476607,1.17572897505833,0.368957704480568,0.336708407493626,68.6443157573331,0.443845220009839,0,0.707100362649027,0,205,"NoNoise"
"FPM_Time",21,62.4536480038049,1,15.3323146306039,13.7565219356886,0.217074711245858,0.277869943486656,51.4832368210088,0.263270741382955,0,0.707114469479417,0,206,"NoNoise"
"FPM_Time",55,49.9652242374992,1,0.73912265238592,0.978215062818561,0.6450261785272,0.578506506540305,134.837049035869,0.271916206774576,0,0.70713037639338,0,207,"NoNoise"
"FPM_Time",26,158.28378519567,1,30.5018271946846,30.3077810901097,0.307234041073827,0.298881291075922,63.7411508939741,0.0898908746629496,0,0.707158506982938,0,208,"NoNoise"
"FPM_Time",38,84.6371023964463,1,10.7654175465329,10.528958727281,-0.0740755604961492,-0.060372043346797,93.1601428464844,4.05455796027375,0,0.707119013377469,0,209,"NoNoise"
"FPM_Time",62,95.4273211420368,1,26.4429254572274,25.2359257796792,-0.0640395485003323,-0.0196067085420596,151.998136744951,0.693759017654291,0,0.70697197143178,0,210,"NoNoise"
"FPM_Time",23,106.604175313364,1,2.422197123392,2.70906248295606,0.395377108716376,0.373927420351043,56.3864022738426,0.230545403775771,0,0.707123622393369,0,211,"NoNoise"
"FPM_Time",92,143.166035705358,1,18.9338567717921,19.1515873507581,0.265267553495109,0.249908954982072,225.545610081389,0.134129073344502,0,0.707066492726295,0,212,"NoNoise"
"FPM_Time",56,82.8095127595187,1,3.46061593149422,3.62682812010192,-0.0131125170913346,-0.0200540684147372,137.288642618715,8.0952068425791,0,0.706949244515567,0,213,"NoNoise"
"FPM_Time",49,201.961773135252,1,4.76247114573885,5.05229346808268,0.677092987028098,0.663153220590892,120.127556431414,0.044469594822479,0,0.707007403996242,0,214,"NoNoise"
"FPM_Time",52,140.04894702599,1,46.2889407500905,43.854387051133,0.473485800286871,0.540314825982569,127.482301256845,0.0987983606381708,0,0.707144179919166,0,215,"NoNoise"
"FPM_Time",89,133.934282464355,1,25.6260994889405,26.8163386793791,0.0668751602695739,0.0491163517578252,218.190861554416,0.126640356639655,0,0.707139958355819,0,216,"NoNoise"
"FPM_Time",66,80.0245502723356,1,24.0112467946773,23.568603515625,0.586726567984447,0.647607421875,161.804470420593,0.106193021024693,0,0.706956861417589,0,217,"NoNoise"
"FPM_Time",45,136.92755226226,1,9.81859601369388,10.4707134451392,0.293437522741076,0.270825538332792,110.321231540567,0.215231569084804,0,0.707271826253374,0,218,"NoNoise"
"FPM_Time",54,118.5312505581,1,21.5470716716487,21.0187554888422,0.292535155504865,0.292817048759315,132.385466097459,0.0656354231899925,0,0.707101548624112,0,219,"NoNoise"
"FPM_Time",50,74.4255679047269,1,19.2113038933839,17.559472959422,0.609054250143158,0.720463103889904,122.579138970434,0.162619468692363,0,0.707010537734362,0,220,"NoNoise"
"FPM_Time",60,41.5876679590806,1,22.4951065742683,19.4331590180082,-0.0988347579042718,0.0439517454156886,147.094962528959,0.311568193927185,0,0.707127777324411,0,221,"NoNoise"
"FPM_Time",58,183.410680456471,1,35.5734542922515,34.072468643348,0.22276847861239,0.249464845465724,142.191797232347,0.128203887735343,0,0.707080293616601,0,222,"NoNoise"
"FPM_Time",51,130.173745370934,1,17.2104653525455,16.5556854194144,0.07897214377837,0.0999257592412514,125.030718005918,0.453509048179392,0,0.707116194954858,0,223,"NoNoise"
"FPM_Time",41,23.2303223306519,1,2.17410312442527,2.5022736215206,-0.0261307974597111,-0.0352419860070057,100.514894499716,2.24464330150148,0,0.707002279372607,0,224,"NoNoise"
"FPM_Time",68,90.4568063443287,1,34.6543354537494,34.3742160507661,-0.381697476083511,-0.36218827513394,166.707623960064,271.33881555389,0,0.707105944396757,0,225,"NoNoise"
"FPM_Time",63,187.528069090694,1,17.3562911643246,17.2072845520635,0.327768098308923,0.337786032282529,154.449711525138,0.0902923817816972,0,0.707153329128692,0,226,"NoNoise"
"FPM_Time",21,134.807411268991,1,32.0136530113895,32.5334754834351,0.19733581408908,0.17105427743484,51.4832386287191,0.250315997974025,0,0.70721080974999,0,227,"NoNoise"
"FPM_Time",80,114.247723154359,1,12.4717435633123,11.607443253863,0.290426946136112,0.324455698630663,196.126620404576,0.200617698339051,0,0.707027915405495,0,228,"NoNoise"
"FPM_Time",39,138.93997874955,1,11.7463011555473,10.9629764822603,0.643898755553872,0.681562700361246,95.6117269355279,0.100021934069647,0,0.707174468893695,0,229,"NoNoise"
"FPM_Time",78,136.711563622433,1,26.8747080432554,28.3408502657235,0.18028420853337,0.152456585971032,191.223464096074,0.133322651607734,0,0.707251606251318,0,230,"NoNoise"
"FPM_Time",74,189.997389644382,1,38.7406559523918,37.1421028714159,0.265279988883775,0.29216066676502,181.417122121299,0.0937196162598303,0,0.707163880833586,0,231,"NoNoise"
"FPM_Time",62,144.502072715176,1,17.9163057665387,17.2586113194997,0.20303484543882,0.211844593431737,151.998133629424,0.0556859722366271,0,0.706997716612266,0,232,"NoNoise"
"FPM_Time",81,90.1019469143381,1,28.7082426954325,27.3563933827038,0.377265212825695,0.397059309182203,198.578206346968,0.0380512103198091,0,0.707001249558265,0,233,"NoNoise"
"FPM_Time",68,47.8068865688936,1,9.51979420778193,10.0814754204966,0.0881320879646487,0.0876247944666829,166.70762402879,0.285655718255418,0,0.707118052290478,0,234,"NoNoise"
"FPM_Time",75,106.471723123241,1,11.2187957277826,10.6758536452224,0.457894963111024,0.469062393044601,183.868705344092,0.0457926930205827,0,0.70717065282515,0,235,"NoNoise"
"FPM_Time",92,106.656997528532,1,25.0578399810651,26.7251146683778,0.0419966344325576,-0.00124355327079106,225.545610595289,0.398063581860752,0,0.707154966367218,0,236,"NoNoise"
"FPM_Time",25,191.546976426011,1,21.1534786921493,20.3165598490087,0.178922489824137,0.191823846071134,61.2895698632402,0.165027012403861,0,0.707001177007778,0,237,"NoNoise"
"FPM_Time",79,115.353080018599,1,17.3487303088689,16.1777339129976,0.204152188088038,0.239075165023314,193.675034446122,0.21581013272387,0,0.707140728134741,0,238,"NoNoise"
"FPM_Time",66,119.341295110757,1,3.42283488282588,3.43727980688598,0.47457965239295,0.480848067129615,161.804467302269,0.077673401350778,0,0.707235556166291,0,239,"NoNoise"
"FPM_Time",81,136.365249828609,1,38.2509403397083,37.6036904041536,0.107053834510215,0.104721013825689,198.578199154403,0.0864592342220936,0,0.707113110318062,0,240,"NoNoise"
"FPM_Time",64,224.979241190604,1,26.4496997811899,25.4174138634011,0.387328414497562,0.407259441661329,156.90129363652,0.0784489742673776,0,0.707137969619648,0,241,"NoNoise"
"FPM_Time",87,144.109198465369,1,26.5084841985708,25.0389712636921,0.321304319270439,0.358937075393192,213.287701458177,0.119801460132928,0,0.707013188699194,0,242,"NoNoise"
"FPM_Time",29,70.3960174082264,1,23.3685989228916,25.0311781949385,0.565244076460588,0.447618079034874,71.0959063676182,0.230597200977584,0,0.707291518539708,0,243,"NoNoise"
"FPM_Time",62,197.119310559484,1,18.8587447342452,19.51686716191,0.0432105035948535,0.0326066246642655,151.998129126848,0.472919146339944,0,0.707053677380295,0,244,"NoNoise"
"FPM_Time",42,139.360267225344,1,30.8754898213907,30.7292631229914,0.126454298960811,0.116327467647411,102.966473736112,0.162323184420516,0,0.707125197621119,0,245,"NoNoise"
"FPM_Time",55,10.3505857728961,1,8.07672133831568,10.948167104274,0.582322618371977,0.463919470459223,134.837049503237,0.234305561953303,0,0.707147018682922,0,246,"NoNoise"
"FPM_Time",89,247.756969537069,1,48.737726316267,49.3865626642578,0.0193410634399695,0.0177551374641543,218.190875056743,0.0584437113973143,0,0.706965155329888,0,247,"NoNoise"
"FPM_Time",71,196.527926952484,1,38.8122695971004,38.2885241923172,-0.002091839178888,0.0111204770282201,174.062372612043,0.307611528527299,0,0.707076049141242,0,248,"NoNoise"
"FPM_Time",34,132.402008105362,1,32.0039549910628,30.3100521042034,0.323201604221791,0.37360494821015,83.3538124072447,0.175864625744685,0,0.70714642311245,0,249,"NoNoise"
"FPM_Time",48,154.263681803673,1,22.8018450354456,21.6213679993798,0.669551069046185,0.697854824303795,117.675970205514,0.042492827238218,0,0.707137042415789,0,250,"NoNoise"
"FPM_Time",99,117.234167095181,1,29.3805381352744,28.6216476441796,0.18020227581352,0.182397818230291,242.706688255327,0.0675461604910518,0,0.707083435743187,0,251,"NoNoise"
"FPM_Time",62,149.491784527103,1,15.1326188338634,14.6584871515416,0.292383549801652,0.312254771848302,151.998130786638,0.15781296255787,0,0.707028260004189,0,252,"NoNoise"
"FPM_Time",59,200.641620206515,1,40.9787189698549,40.2889781134446,0.375748779230693,0.397864148558212,144.643379667602,0.0812172537195753,0,0.70709593531666,0,253,"NoNoise"
"FPM_Time",50,50.4652764971865,1,20.0222019842461,17.6303148920297,0.212217627885503,0.316679503121668,122.579139124998,0.164334466864417,0,0.707205033657264,0,254,"NoNoise"
"FPM_Time",87,183.917652221011,1,49.7182877527975,51.4946496829497,0.00105193630948322,-0.0263716286766276,213.287695454193,0.2592063014785,0,0.707095159248735,0,255,"NoNoise"
"FPM_Time",72,197.28541229593,1,48.1612412115693,48.7385504190837,0.0712961486070393,0.0725303282655774,176.513954895098,0.0738820322840957,0,0.707120865565433,0,256,"NoNoise"
"FPM_Time",50,118.906086667651,1,9.67202619522532,10.4238200059335,0.277961952782629,0.25262333425926,122.579135410891,0.218513984027461,0,0.707125913909361,0,257,"NoNoise"
"FPM_Time",55,109.475332880418,1,27.4355881392123,29.0186790681949,0.142036714332426,0.112296937551184,134.83704984223,0.11356632420281,0,0.707155664887263,0,258,"NoNoise"
"FPM_Time",74,161.996828339373,1,3.10500280207973,3.22311995154087,0.407042285256536,0.39646942079853,181.417137706215,0.104375874405933,0,0.706934810808821,0,259,"NoNoise"
"FPM_Time",116,100.918087568826,1,5.89776040568942,6.23636119980665,0.179369021668672,0.171953865316573,284.383595527336,0.110315480133028,0,0.707149756877969,0,260,"NoNoise"
"FPM_Time",88,217.285089999135,1,34.8511013639798,34.3837257347738,0.255353242009144,0.255472943347007,215.739280610526,0.0394981490637706,0,0.70716691142733,0,261,"NoNoise"
"FPM_Time",78,176.9933284673,1,12.6263146737776,12.3161140368847,0.147711487673469,0.157926144309292,191.223451571704,0.237387925421531,0,0.707136716092924,0,262,"NoNoise"
"FPM_Time",27,134.036063596089,1,32.2521976649424,30.9445308937955,0.460792326055375,0.510418374893837,66.1927338480178,0.141499965781188,0,0.707045729952309,0,263,"NoNoise"
"FPM_Time",28,150.524386451888,1,35.4630961057526,37.3333904136842,0.323570254688394,0.280491483722491,68.6443157909528,0.172010499092116,0,0.70712061202513,0,264,"NoNoise"
"FPM_Time",90,89.474636023485,1,3.56628284922451,4.00249938829733,0.540307452358022,0.500415828644567,220.64244659703,0.164368101151827,0,0.707172624685004,0,265,"NoNoise"
"FPM_Time",30,61.9551427727039,1,19.0141490679158,17.4026032678944,0.17100226391491,0.21846371573354,73.5474815733271,0.125677740195166,0,0.707148348608037,0,266,"NoNoise"
"FPM_Time",36,112.134006180794,1,2.25264524585199,2.0955513596705,0.0355686183239707,0.0409739106244568,88.2569814099212,1.87625557588099,0,0.707224935692344,0,267,"NoNoise"
"FPM_Time",24,15.2556664252751,1,21.2844288985826,13.3550539631397,0.157273312004485,2.03748134747148,58.8379851010824,0.527157614842535,0,0.707136897956618,0,268,"NoNoise"
"FPM_Time",77,106.887366685999,1,27.0143670574902,25.0492276860932,0.37168371883289,0.430253881831595,188.771876719711,0.111219263718219,0,0.70698993611532,0,269,"NoNoise"
"FPM_Time",120,198.03711510756,1,18.1356865710952,17.5121465343151,0.324417866137458,0.341937733582692,294.189926553385,0.104004439103516,0,0.707151489179466,0,270,"NoNoise"
"FPM_Time",56,198.055027793153,1,17.5439190165082,17.0635427218204,-0.0755609941315838,-0.07158748018291,137.288632710273,6.85221758786802,0,0.707054727076911,0,271,"NoNoise"
"FPM_Time",75,200.165753877373,1,33.7004978929353,34.0494056808464,0.0526217888679801,0.0542201141334787,183.868703779547,0.112728096411293,0,0.707145141716035,0,272,"NoNoise"
"FPM_Time",56,79.9099633884751,1,27.23700839469,26.4179864245356,-0.27517505783735,-0.23794163737849,137.288634333887,4.1647471562572,0,0.707186375718829,0,273,"NoNoise"
"FPM_Time",48,106.844673931342,1,23.4691377710805,22.7947875125604,-0.195913526075585,-0.191680417138629,117.675974536599,3.78868325479235,0,0.707217224474251,0,274,"NoNoise"
"FPM_Time",73,172.476156773641,1,20.6984285855133,21.415419038083,0.435916022559523,0.41131403845586,178.965537690901,0.0997550677208699,0,0.707125506846431,0,275,"NoNoise"
"FPM_Time",46,58.0462276679328,1,4.59166912982863,5.2964295751255,0.1871333753865,0.142741714652152,112.772809415018,0.728155895470184,0,0.707223029904162,0,276,"NoNoise"
"FPM_Time",63,159.401334406639,1,29.7103076467536,28.7044492757818,0.253030915232817,0.282321694314396,154.449710495476,0.153974088994641,0,0.707117894100294,0,277,"NoNoise"
"FPM_Time",47,145.578478774087,1,21.8297436523293,22.3611450803742,0.146623745811742,0.144013508765838,115.224387314261,0.0702575943425428,0,0.707085791816078,0,278,"NoNoise"
"FPM_Time",52,102.465403116173,1,20.7360678645087,19.7398372710585,-0.033792329287668,-0.0189316067451498,127.482341402374,0.178980340627093,0,0.707419789901103,0,279,"NoNoise"
"FPM_Time",72,142.472846486985,1,21.1071970957419,22.0796599322873,0.0424481701187379,0.0210012608903666,176.513954998624,0.487284680640556,0,0.707087336955123,0,280,"NoNoise"
"FPM_Time",30,116.253216448837,1,4.87329313434,5.23146273292407,0.195366407494739,0.178900275024359,73.5474811639345,0.455299489215078,0,0.707102103736251,0,281,"NoNoise"
"FPM_Time",40,199.819128543092,1,51.6439696238493,51.3253301328324,-0.0257801818052371,-0.0132285958318676,98.0633084069048,0.2757773271058,0,0.707082075719835,0,282,"NoNoise"
"FPM_Time",107,101.899921330292,1,21.7003892928263,21.2671225656034,-0.0145120268074622,-0.0175372699922249,262.31935187174,0.25938827380066,0,0.707053770566794,0,283,"NoNoise"
"FPM_Time",49,79.4724591384767,1,18.3803882202809,17.57647769083,0.681702563505777,0.756831913531278,120.127553391954,0.122828234320421,0,0.707152875064931,0,284,"NoNoise"
"FPM_Time",46,64.7827393556384,1,37.6324561273262,33.4931598392918,0.292254102923379,0.476974414863526,112.772804461311,0.180908806091608,0,0.707113774193137,0,285,"NoNoise"
"FPM_Time",77,227.294838787912,1,28.7177116861825,29.7766284691021,0.802652300462154,0.784151393327308,188.77186927026,0.0212647922524625,0,0.707067244869813,0,286,"NoNoise"
"FPM_Time",24,7.38629955619454,1,4.12132943307028,9.23175663175061,0.280030626480881,-0.964827350899577,58.8379861434481,3.24248505929583,0,0.707027190010715,0,287,"NoNoise"
"FPM_Time",67,101.908500430603,1,12.0135074158272,11.2149780270309,0.00964825967739066,0.0287691581396036,164.256044732316,0.679220608259996,0,0.70702623660185,0,288,"NoNoise"
"FPM_Time",84,263.505608269315,1,37.137871444672,37.6963286335995,0.28669995482211,0.273960940256292,205.932947375891,0.0820722732521139,0,0.70709278858101,0,289,"NoNoise"
"FPM_Time",26,165.643664109651,1,19.2368129543306,18.383490054101,0.304610873037753,0.320216610982957,63.7411503759252,0.0952596007632222,0,0.707093194193318,0,290,"NoNoise"
"FPM_Time",42,53.78316885414,1,17.8878916630979,18.8421058654785,0.485261653974399,0.487016296386719,102.966475512235,0.0891649857055017,0,0.707181789354812,0,291,"NoNoise"
"FPM_Time",20,79.0540514623029,1,5.40268439324248,5.34396387090097,0.108503402298984,0.120037664743366,49.031654183413,0.734766274511732,0,0.707128807868823,0,292,"NoNoise"
"FPM_Time",84,162.856258188201,1,44.5042884181682,43.2821059411615,0.10184933316924,0.112101768719674,205.932947322246,0.0335950608876849,0,0.707096012377672,0,293,"NoNoise"
"FPM_Time",68,43.9544045894298,1,7.1654203453568,6.59314351699413,-0.033903618034353,0.0190568856956815,166.707627494359,2.09485644107505,0,0.707026181357882,0,294,"NoNoise"
"FPM_Time",91,155.707174556943,1,10.5379155402789,10.8956752305289,0.599135535821978,0.593354050692858,223.094028685625,0.0291846446629915,0,0.707048134143961,0,295,"NoNoise"
"FPM_Time",20,132.01954007549,1,23.0837823647624,23.4606789006903,0.487689389157203,0.49272327362778,49.031654943148,0.0591429741863836,0,0.707034444469096,0,296,"NoNoise"
"FPM_Time",78,205.936235534014,1,22.2819211579457,21.9135260397652,0.212790117428692,0.224467466939071,191.223451247268,0.132990899308911,0,0.707126175110202,0,297,"NoNoise"
"FPM_Time",75,104.756186260332,1,24.4540102834315,23.112949278808,-0.157461590240724,-0.12873211890328,183.868703321472,2.00825303129154,0,0.707133389119904,0,298,"NoNoise"
"FPM_Time",33,7.53103998219842,1,21.0143863856167,11.2066691592336,0.412647330080773,2.32219190746546,80.9022323093395,0.0895338217395117,0,0.707214011372804,0,299,"NoNoise"
"FPM_Time",49,216.555198668898,1,36.1098894238085,37.0662423231552,0.188502153438122,0.169811461096071,120.127552649371,0.166619475048125,0,0.707121949546622,0,300,"NoNoise"
"FPM_Time",120,250.205864468657,1,13.2592840663031,13.1467774195925,0.159245561746452,0.15840920671742,294.189924868967,0.0774693188155208,0,0.707091161243169,0,301,"NoNoise"
"FPM_Time",70,169.662408529307,1,39.4978263088217,38.9058034290373,0.414392748050805,0.440553972342768,171.610791925295,0.077706460090757,0,0.707174333276118,0,302,"NoNoise"
"FPM_Time",77,141.728126809473,1,16.3963486508733,15.6770126964204,0.119064718279314,0.130488578927189,188.771868894942,0.117143988752717,0,0.707137668941097,0,303,"NoNoise"
"FPM_Time",70,179.620151014033,1,36.2467375751785,34.8668591994967,0.0411054673982456,0.0636034336126222,171.610789856845,0.263429538587803,0,0.707136259301278,0,304,"NoNoise"
"FPM_Time",69,63.5082626721813,1,22.8275856884754,20.2126676737073,0.444321449942813,0.56463090821529,169.159209676806,0.128255070130262,0,0.707180653854479,0,305,"NoNoise"
"FPM_Time",83,65.8670420809183,1,28.6679408987197,26.1273478649204,-0.235620019698183,-0.161838825730968,203.481364606964,0.645833901644168,0,0.707096666057008,0,306,"NoNoise"
"FPM_Time",45,109.529536031778,1,19.068168534015,17.9407472101839,0.0776766026583669,0.101121427745603,110.321222343905,0.240359328561724,0,0.707147807522385,0,307,"NoNoise"
"FPM_Time",58,179.349318850642,1,22.1030977381663,21.7198964792823,0.00420254727533823,0.0052758617337153,142.191797139693,0.155410162744983,0,0.707129185993496,0,308,"NoNoise"
"FPM_Time",57,218.132747601312,1,42.7289259826075,44.2206507900801,0.376929468119509,0.349084808674227,139.740215598806,0.0903842816413552,0,0.707162140645826,0,309,"NoNoise"
"FPM_Time",90,62.6913121163663,1,9.35269499652236,10.0226888166217,0.560565125970676,0.545339430792956,220.642447743161,0.0635005357848391,0,0.707183772209224,0,310,"NoNoise"
"FPM_Time",79,127.112728614353,1,34.2082292366298,33.8864853357989,0.0801703142970865,0.103288704526611,193.675034564874,0.202070041542545,0,0.707070174007654,0,311,"NoNoise"
"FPM_Time",70,98.6918616257251,1,26.4560115806626,24.8936975802348,-0.191593349052955,-0.159940398742158,171.610794287169,1.95373501257313,0,0.707013088857184,0,312,"NoNoise"
"FPM_Time",48,115.555422644653,1,34.0562939244682,32.3846796990699,0.010539579521866,0.037438759426101,117.67596986308,0.141791349093423,0,0.707101890246271,0,313,"NoNoise"
"FPM_Time",48,165.858230504084,1,23.7996503873589,23.7926173425505,0.0642114806422375,0.0713520857388729,117.675970024368,0.246920556465171,0,0.707127851695618,0,314,"NoNoise"
"FPM_Time",60,212.738918362042,1,31.7432619792031,33.0353565775464,0.550392620036784,0.521571670261322,147.094966173042,0.0677515925132248,0,0.707196415737025,0,315,"NoNoise"
"FPM_Time",66,283.139535918581,1,25.3900194570334,25.0713611152863,0.181831590879386,0.189063200111731,161.804460952125,0.119831345314409,0,0.707174248956896,0,316,"NoNoise"
"FPM_Time",6,84.0294029031867,1,10.8597405874548,10.128515419741,0.195892679921528,0.214429184419805,14.7094962654589,0.263019993334147,0,0.707133287573325,0,317,"NoNoise"
"FPM_Time",90,223.193815645955,1,48.6688681196477,47.5275468183928,0.0868687670114547,0.106424865094666,220.642445290386,0.166484159895656,0,0.707156982855663,0,318,"NoNoise"
"FPM_Time",91,232.71722494982,1,31.0480113739711,30.4845763379256,0.235194908150118,0.248843456525794,223.094026291714,0.106532553046692,0,0.707094468294872,0,319,"NoNoise"
"FPM_Time",56,30.0053565255368,1,6.33801386653127,7.54866898059845,0.118320351668256,0.050547456741333,137.288631523548,0.304079118967432,0,0.707114593023755,0,320,"NoNoise"
"FPM_Time",33,92.3675756295794,1,22.4301564127309,22.0295274521091,0.162431072267859,0.19729965379529,80.9022294886835,0.295258965060263,0,0.707078302249319,0,321,"NoNoise"
"FPM_Time",81,171.11722432787,1,27.8016670464402,26.7058078812085,0.261213735072867,0.288488078452072,198.578224957063,0.139074763630361,0,0.707306475302362,0,322,"NoNoise"
"FPM_Time",22,47.8319267341101,1,9.10519357559798,10.4223741305614,0.233505654262176,0.129570821701782,53.934820015925,0.957913186677388,0,0.707160061094941,0,323,"NoNoise"
"FPM_Time",76,91.781562522012,1,14.1679060094599,13.3371491449817,-0.086392942555578,-0.0713942220178523,186.32028675687,0.996164362686027,0,0.707150366210112,0,324,"NoNoise"
"FPM_Time",45,140.08358656505,1,34.2367237617606,32.6341607072076,0.0466832850376641,0.0724905626721039,110.321222054666,0.195118164223233,0,0.707136439555108,0,325,"NoNoise"
"FPM_Time",23,83.7129284365763,1,7.45438998252807,8.45828040855674,0.905566193872924,0.835663551895347,56.3864027186987,0.122080325195232,0,0.707054810230984,0,326,"NoNoise"
"FPM_Time",17,27.0354195818748,1,12.29360118183,10.3726679188549,0.533511493300664,0.913524185388815,41.6769082029831,0.533189315397337,0,0.707234364145795,0,327,"NoNoise"
"FPM_Time",46,29.9409760302686,1,35.3990489420552,31.6367115047972,-0.506230442289497,-0.00317665222044061,112.772807708827,0.664701801666033,0,0.70701259146331,0,328,"NoNoise"
"FPM_Time",84,60.2767790035902,1,20.7408863427267,19.4502703041098,0.609009829515705,0.630407447467951,205.93294759802,0.0488834920494086,0,0.7070838395254,0,329,"NoNoise"
"FPM_Time",16,89.3176992813117,1,16.4239113910404,15.3964194299989,0.231427502975632,0.255038482255703,39.2253232849083,0.128011326035935,0,0.707108252367017,0,330,"NoNoise"
"FPM_Time",104,102.398627117936,1,25.3646307304165,27.1937304521914,0.320280310133872,0.274209994883803,254.964603922999,0.0904449274665338,0,0.70705117527761,0,331,"NoNoise"
"FPM_Time",32,170.890886568069,1,26.0776145469471,26.8353636147312,0.230073156532934,0.222757669139345,78.4506484905603,0.0389222874356754,0,0.707020158228137,0,332,"NoNoise"
"FPM_Time",48,78.4822360502097,1,0.789911435360903,0.847003974110959,0.170471636113699,0.161025003547884,117.67597102555,0.561869615481999,0,0.707162022345826,0,333,"NoNoise"
"FPM_Time",68,47.1726748597791,1,17.9990266567994,15.3334762474886,0.443585122247396,0.660801195989505,166.707624281817,0.250059986289146,0,0.707131116191845,0,334,"NoNoise"
"FPM_Time",58,72.3905371965278,1,10.1417206205541,10.9871569721436,0.406948649281154,0.380534691119101,142.191796911643,0.0745805673823059,0,0.707103546761395,0,335,"NoNoise"
"FPM_Time",74,256.156733896209,1,42.9027776484369,42.8156648544411,0.315360668591335,0.323688169890884,181.417121697609,0.0551454822114304,0,0.707157224634031,0,336,"NoNoise"
"FPM_Time",38,58.8905510712818,1,12.2708149093968,10.908734100638,0.0385587883992853,0.0934218102134764,93.1601428031939,0.605387899882998,0,0.707109468051285,0,337,"NoNoise"
"FPM_Time",74,230.323310821926,1,45.926267857206,47.486527972429,0.236571902224062,0.216999291094544,181.417122267551,0.077597417081247,0,0.70704756556498,0,338,"NoNoise"
"FPM_Time",49,77.8463966158889,1,17.9637716406214,16.1873714526941,0.423970090409188,0.515130077213618,120.127553042014,0.204569275610194,0,0.707141878390574,0,339,"NoNoise"
"FPM_Time",30,135.602059149976,1,8.42800398445861,8.96865519538494,0.150660370904967,0.135519957216943,73.5474816851851,0.430530516178163,0,0.707153621323228,0,340,"NoNoise"
"FPM_Time",103,219.81513607301,1,28.341074578454,27.5977646318904,0.463155882238951,0.47133909432378,252.513018809532,0.0210961043751048,0,0.707120920026458,0,341,"NoNoise"
"FPM_Time",48,105.463268428035,1,26.7299640134231,25.8483496316289,-0.158321039825794,-0.151303852858072,117.675970468888,0.295465924822527,0,0.707146802412378,0,342,"NoNoise"
"FPM_Time",22,145.935978986641,1,12.3389614646043,11.6112683810021,0.362601816021721,0.388487383015294,53.9348200300265,0.200304601207693,0,0.707160807901087,0,343,"NoNoise"
"FPM_Time",27,11.4067298610853,1,10.9034952949552,9.7630697509303,0.244539136170927,1.24436636332539,66.1927333106523,0.658978588360121,0,0.707141996083867,0,344,"NoNoise"
"FPM_Time",88,157.40274363244,1,46.6148151889478,44.0933788833294,0.800309004934691,0.865370115123472,215.73927808065,0.0473992712317662,0,0.707102138038166,0,345,"NoNoise"
"FPM_Time",73,108.867491171943,1,8.69579129914287,9.48558873777363,0.530086979548723,0.488656269325942,178.965546420208,0.137358548198695,0,0.706983113815286,0,346,"NoNoise"
"FPM_Time",55,142.944369787921,1,19.9303361511286,19.2302416370086,0.359757355418977,0.388258063529967,134.837048792696,0.138851947630486,0,0.707104772019792,0,347,"NoNoise"
"FPM_Time",47,85.4077245627402,1,31.0778590071572,28.7043797505419,-0.0595970999505422,0.00471532318617721,115.224387314831,0.414676627056489,0,0.707127807696482,0,348,"NoNoise"
"FPM_Time",55,118.593556653165,1,11.7666226094945,10.8645142910587,0.423505523424223,0.458019480972312,134.837048791729,0.132052309741632,0,0.707105424889462,0,349,"NoNoise"
"FPM_Time",56,72.2401949370021,1,1.80089846403873,2.16664325098756,0.767747656411963,0.710697666177475,137.288631589913,0.148235948821057,0,0.707092319078897,0,350,"NoNoise"
"FPM_Time",83,193.69019084143,1,9.97337022073193,10.4293219975286,0.150272264358221,0.140714958509815,203.481365881225,0.22591553450482,0,0.707061823740138,0,351,"NoNoise"
"FPM_Time",25,97.2353538889282,1,9.43571562105297,10.3135325718642,0.441339539783664,0.406920385669699,61.2895680105306,0.161942672341978,0,0.707063292370513,0,352,"NoNoise"
"FPM_Time",61,196.314685470467,1,28.6392731786388,27.9280148031517,0.00955968450454511,0.0226840176634065,149.546546795904,0.443775866842307,0,0.707046505266752,0,353,"NoNoise"
"FPM_Time",58,98.834264307103,1,5.36481127968728,5.7712640501423,0.0490127447993698,0.0354188554784411,142.191796981423,1.22128620909795,0,0.707094098675498,0,354,"NoNoise"
"FPM_Time",30,70.715845756555,1,8.54311930579772,9.67506575966604,0.403690294353528,0.34127921813988,73.5474814706409,0.307781826217253,0,0.707142835762594,0,355,"NoNoise"
"FPM_Time",26,52.3809149534602,1,1.57151256441181,1.68467910908101,0.495237057652841,0.461501272166638,63.741150400479,0.300645595945755,0,0.707089384433621,0,356,"NoNoise"
"FPM_Time",39,145.369579164353,1,21.9436076205242,21.0001095528858,0.167103909372015,0.19350359107504,95.6117255065975,0.281428463940894,0,0.707107776062268,0,357,"NoNoise"
"FPM_Time",48,95.6571373647217,1,16.654539881744,15.4631711676667,0.0747619862230767,0.114427673016597,117.675969892016,0.517960011964708,0,0.707116745014637,0,358,"NoNoise"
"FPM_Time",47,60.0694152634502,1,6.07391419480243,5.87245963703026,0.396885280402977,0.43549234358361,115.224387209478,0.250321586435543,0,0.707119505330168,0,359,"NoNoise"
"FPM_Time",31,151.518197448584,1,37.7633556108329,35.9380768688345,0.157107184808216,0.194009545853783,75.9990648832445,0.217702798489038,0,0.707170895043079,0,360,"NoNoise"
"FPM_Time",43,113.754936337062,1,31.8345043504315,33.5226729003594,-0.191805080322935,-0.222211350979236,105.418063573303,2.56524820514802,0,0.707251938838959,0,361,"NoNoise"
"FPM_Time",47,128.513842177255,1,12.1455061935443,11.6117802380759,0.0629974347790585,0.0793218845152296,115.224388734115,0.634477619820134,0,0.707041849392391,0,362,"NoNoise"
"FPM_Time",21,94.012362769996,1,13.9410682246872,13.3590977601787,0.23738180025154,0.24421748590712,51.4832382393477,0.0741127527879268,0,0.707198995340575,0,363,"NoNoise"
"FPM_Time",74,105.870313366919,1,7.20702076200381,7.76506233870778,0.452402571980787,0.432197368729389,181.417122383883,0.076205316439844,0,0.707045929276322,0,364,"NoNoise"
"FPM_Time",61,163.255132943781,1,15.235808212925,15.6818683278376,0.0259954433608177,0.0155050601127357,149.546545411127,0.71332183292343,0,0.70713499640135,0,365,"NoNoise"
"FPM_Time",78,51.3989249458543,1,0.822450640058818,1.00212860006904,0.411034020740318,0.368918902265206,191.22345103485,0.389234800358168,0,0.707100806894397,0,366,"NoNoise"
"FPM_Time",43,115.84974450646,1,19.9914198455721,19.1587173190269,-0.00110860935954216,0.00970251943616716,105.418056551417,0.139207933480688,0,0.707132298185137,0,367,"NoNoise"
"FPM_Time",65,30.1118763480981,1,9.92570479915324,11.3731774069747,0.32869408636243,0.107835542637622,159.352876552798,0.692322077172333,0,0.707069858156921,0,368,"NoNoise"
"FPM_Time",46,161.805488497548,1,23.681595139975,22.8098085832253,0.19361084026404,0.205370969596152,112.772805488031,0.0684903140108365,0,0.707160065892021,0,369,"NoNoise"
"FPM_Time",52,54.9181088389725,1,13.4701230067433,11.7111192182419,0.363635870365963,0.492298157683399,127.482301104391,0.312998478137088,0,0.707138908190548,0,370,"NoNoise"
"FPM_Time",27,72.7240813618686,1,23.8167406741539,21.2924362626145,0.489317409526834,0.615888766796007,66.1927412065085,0.211337338096876,0,0.706912416676144,0,371,"NoNoise"
"FPM_Time",67,175.613849075671,1,21.6020414781423,22.1889541112974,0.307929507124129,0.302489348910671,164.25604352677,0.0337897227878005,0,0.707041674678237,0,372,"NoNoise"
"FPM_Time",35,108.670883799311,1,23.030501471309,21.7303881183386,0.23512623254761,0.284548324426604,85.8053947018843,0.274146534654221,0,0.707099046033247,0,373,"NoNoise"
"FPM_Time",77,253.786115314213,1,54.0593315030387,54.5128294308121,0.113914378423174,0.102296541475594,188.771875015872,0.12077654423999,0,0.707002436182704,0,374,"NoNoise"
"FPM_Time",45,69.5732218221736,1,24.0762916210378,23.7786446541644,-0.0584839080846875,-0.0150586908871673,110.321222316194,0.570788716232875,0,0.707146858301642,0,375,"NoNoise"
"FPM_Time",79,90.4288039874771,1,34.3906628625772,32.6438150975654,0.187899737853982,0.216231863450757,193.675033889434,0.0412612164999443,0,0.707123257778412,0,376,"NoNoise"
"FPM_Time",50,112.439346775138,1,12.5687944650025,11.6696823042439,0.249462924818378,0.282170940417564,122.579135414254,0.251477323069508,0,0.707126132391331,0,377,"NoNoise"
"FPM_Time",32,138.62398111809,1,34.6874130767519,32.7876660000925,0.252743519031537,0.297401251805388,78.4506467647055,0.178414497694164,0,0.707134412663827,0,378,"NoNoise"
"FPM_Time",57,159.23242572483,1,17.5742731003334,16.7848857144859,0.18958129133245,0.210249218799307,139.740214347875,0.227341401016805,0,0.707088865079841,0,379,"NoNoise"
"FPM_Time",53,60.6624910740655,1,15.432263264274,13.9848683146131,-0.184941639425971,-0.13397478763809,129.93388394875,4.00257802898183,0,0.7071433967972,0,380,"NoNoise"
"FPM_Time",70,91.6133189260326,1,15.9875237732934,14.7174091067769,0.393997868155439,0.456906002129818,171.61078941364,0.186790137201228,0,0.707097980079965,0,381,"NoNoise"
"FPM_Time",76,143.549944766576,1,26.5836408711274,26.4257972009295,0.164414262966873,0.156255493122367,186.320285718912,0.124347662840273,0,0.707120648332141,0,382,"NoNoise"
"FPM_Time",88,130.333407547149,1,12.8923357386336,11.9420150871156,0.824808467644222,0.863709904043935,215.739286451194,0.0472733277855498,0,0.707215935214324,0,383,"NoNoise"
"FPM_Time",38,55.0793026468679,1,7.35371369123912,8.26070043620712,0.350801336515604,0.271716654178454,93.1601429954603,0.496417762421508,0,0.707132073723325,0,384,"NoNoise"
"FPM_Time",47,186.737695662135,1,31.722464597382,31.5892569706293,0.286290527807799,0.298314892425991,115.224395761603,0.0925582983826986,0,0.706955457889161,0,385,"NoNoise"
"FPM_Time",50,239.547503895656,1,25.1244599057411,25.9270787140648,0.136177068234773,0.12684150923863,122.579137869051,0.132641851562452,0,0.707187482385531,0,386,"NoNoise"
"FPM_Time",19,86.4952661196473,1,5.18402342721406,4.86647253679579,0.0191599908274979,0.0329617820990994,46.5800714041337,2.77267578800933,0,0.707101891595528,0,387,"NoNoise"
"FPM_Time",67,104.823904596619,1,45.8555211778287,43.9960483577797,-0.0946653467540415,-0.0728891984276731,164.256042082044,0.0502203280549013,0,0.70714607834372,0,388,"NoNoise"
"FPM_Time",51,63.2076246016791,1,24.0749067624141,21.6504515365996,-0.118601305691942,-0.0272938231457076,125.030718543174,0.726691278531284,0,0.70714427178344,0,389,"NoNoise"
"FPM_Time",81,153.517919302157,1,25.8481992250201,24.8808237716031,0.208202381534963,0.235837845756504,198.578202225506,0.178547751514664,0,0.707175920130037,0,390,"NoNoise"
"FPM_Time",16,158.974859310169,1,24.3458912341838,23.1603758615023,0.17377658431573,0.197347034436105,39.22532434476,0.295988692864279,0,0.707197797845189,0,391,"NoNoise"
"FPM_Time",96,92.8424856098011,1,14.0484618475162,13.2581895952371,-0.0327199494182553,-0.00571177912225138,235.351939762517,1.12096745344908,0,0.707098339592071,0,392,"NoNoise"
"FPM_Time",47,99.7276774517959,1,34.7213668514176,32.0270104238484,0.51409892738365,0.599578125229235,115.224388063896,0.0983528053368353,0,0.707156122539856,0,393,"NoNoise"
"FPM_Time",71,233.75833343344,1,28.4938224528866,29.3396349694313,0.164309176013102,0.15010585206655,174.062372085691,0.168253572980891,0,0.707102556085898,0,394,"NoNoise"
"FPM_Time",35,100.843840695957,1,24.2495948897969,24.6614084852959,0.262827194519532,0.272246611341101,85.8053947735149,0.113327606091461,0,0.707124548303863,0,395,"NoNoise"
"FPM_Time",97,170.536607368782,1,32.1792937922258,30.6782689716604,0.288809234607621,0.319381208310218,237.803522451082,0.102107113651219,0,0.707099783011728,0,396,"NoNoise"
"FPM_Time",79,152.29346922069,1,25.3826423500589,24.3266672963099,0.115743593584682,0.13123284821669,193.675033719675,0.104916832665707,0,0.707108472589785,0,397,"NoNoise"
"FPM_Time",34,130.610972079861,1,0.925517678256824,0.866814421903028,0.678916920544832,0.68631376721612,83.3538124767019,0.0453691282587208,0,0.707064043512901,0,398,"NoNoise"
"FPM_Time",41,200.1661851324,1,39.0634252373495,38.7551899368638,0.177717843660468,0.19107087587909,100.514893988519,0.13423019384386,0,0.707203564080437,0,399,"NoNoise"
"FPM_Time",46,78.877389359279,1,30.7500716075676,29.2489883216685,-0.117717074289447,-0.0478239227143518,112.77280538977,0.726747581819349,0,0.707157498001565,0,400,"NoNoise"
"FPM_Time",34,109.428651032156,1,2.16493558751698,2.20936165253796,0.217737973073117,0.210838788307894,83.3538119952888,0.277374032120906,0,0.707099245234485,0,401,"NoNoise"
"FPM_Time",78,190.620196258769,1,11.2033969024301,10.8358971819116,0.0893142620053304,0.0977803972415131,191.223452535247,0.364297046922303,0,0.707057385926187,0,402,"NoNoise"
"FPM_Time",98,198.480619637375,1,29.0613403649109,29.4219975062891,-0.107736255720419,-0.108013257289152,240.255131094761,0.876706925752546,0,0.707288845394128,0,403,"NoNoise"
"FPM_Time",30,59.4669496629867,1,14.7511689066849,13.0910216264142,0.126174202885741,0.195793286461079,73.547487499207,0.395010637280647,0,0.707269351083283,0,404,"NoNoise"
"FPM_Time",83,200.730619032464,1,26.4756810240147,25.4562543783136,0.154452270688472,0.169985249602183,203.481364663312,0.13607837005577,0,0.707093100053925,0,405,"NoNoise"
"FPM_Time",19,105.67108025711,1,34.3682163337138,34.5524613152869,0.46476838036971,0.428445282691035,46.5800715326733,0.132081447332894,0,0.707077293853696,0,406,"NoNoise"
"FPM_Time",45,73.767624927247,1,21.9561736185122,19.6011429788093,0.510867425699675,0.623466019800708,110.321221873799,0.157267893012948,0,0.707087361310905,0,407,"NoNoise"
"FPM_Time",59,107.146748813425,1,28.9023432548854,27.6396559232372,0.0689896005321195,0.0863644234146754,144.643382569531,0.0609044702932748,0,0.707185945320653,0,408,"NoNoise"
"FPM_Time",43,180.187484199924,1,40.8011898590993,42.1641807892941,0.128351682072243,0.113402213056161,105.418056945984,0.0720104855522033,0,0.707149187016558,0,409,"NoNoise"
"FPM_Time",95,145.916440573706,1,31.2146408463539,32.7361247196245,0.576970926847333,0.526976635424126,232.900361507614,0.0847503883702927,0,0.707183780274845,0,410,"NoNoise"
"FPM_Time",34,133.835783134742,1,43.5859490653017,41.8605080698569,0.387431786463016,0.446129255189695,83.3538128901568,0.138403586180813,0,0.707164636212479,0,411,"NoNoise"
"FPM_Time",34,94.1833116618939,1,9.66513497342613,10.6715644654741,0.598734642687991,0.551833574761622,83.3538184432139,0.125794940080846,0,0.706952658615439,0,412,"NoNoise"
"FPM_Time",87,270.049145301032,1,33.2130629810157,33.9695996268354,0.181848483910175,0.175696521841001,213.287719483094,0.0389577922017363,0,0.707292992274395,0,413,"NoNoise"
"FPM_Time",34,90.2548053990408,1,5.205386384301,4.65095566618672,0.456514822160623,0.489835662684675,83.3538121484949,0.164855112534826,0,0.707131682710949,0,414,"NoNoise"
"FPM_Time",18,83.693400427094,1,16.619440914045,15.6520175420513,0.292071681384148,0.312023204083393,44.1284893612372,0.0701969170925241,0,0.707038777902905,0,415,"NoNoise"
"FPM_Time",50,131.678695987665,1,14.7057146338869,14.6350956505481,0.245351147033734,0.237668563030306,122.579136465714,0.131690022596989,0,0.707161585297041,0,416,"NoNoise"
"FPM_Time",42,144.621861982991,1,24.0388239819842,22.6581402911364,0.405051065142518,0.439272105433492,102.96647862687,0.104341161966341,0,0.706984753745646,0,417,"NoNoise"
"FPM_Time",70,122.087800464915,1,23.9001530612324,22.6651255953252,0.292457080445409,0.316600878648889,171.610791564357,0.0640200774372074,0,0.707169379950484,0,418,"NoNoise"
"FPM_Time",69,140.455241082714,1,24.2876902604367,24.8883703025297,0.0420280791160897,0.0226992365428257,169.159207769906,0.421229580721592,0,0.707151523805458,0,419,"NoNoise"
"FPM_Time",69,93.0524750264519,1,26.0325326284398,24.3997626792984,-0.171595177017765,-0.130988958277762,169.159206678178,1.52318692934729,0,0.707111672338957,0,420,"NoNoise"
"FPM_Time",32,84.2926456738929,1,26.9529255818374,26.087305696852,-0.300338135773675,-0.269847755930778,78.4506466752308,26.6022101577838,0,0.70708643620079,0,421,"NoNoise"
"FPM_Time",81,220.347103947712,1,4.51051543097433,4.75426707845687,0.299863433608552,0.291680052737709,198.578201575342,0.101474546907129,0,0.707045335869469,0,422,"NoNoise"
"FPM_Time",56,137.815492518658,1,8.87250554919185,9.50779007042227,0.410405633890974,0.389140400819409,137.288632110728,0.107536940151613,0,0.707143819185543,0,423,"NoNoise"
"FPM_Time",43,114.720012759488,1,18.2717924838493,17.435580379066,-0.0609317085553099,-0.0395368759386458,105.41805749284,1.57343444453555,0,0.707048580606541,0,424,"NoNoise"
"FPM_Time",77,216.406285275985,1,51.5098407068463,50.0732216215234,0.247540985338425,0.261832673806089,188.771868330051,0.0335172978713252,0,0.707100702302869,0,425,"NoNoise"
"FPM_Time",32,164.196687046396,1,6.70721473494942,6.66713794594818,0.24365701677784,0.249197137822512,78.4506500610835,0.149893234492218,0,0.707223587354565,0,426,"NoNoise"
"FPM_Time",76,197.130986815658,1,15.5486398411875,15.5846205252491,0.274199111669645,0.278881380762878,186.32028874774,0.0782809256522168,0,0.707034857338378,0,427,"NoNoise"
"FPM_Time",66,55.1612880024186,1,18.3194550746202,15.9968323860265,0.138797345413006,0.264592864262978,161.804458566001,0.371593625949954,0,0.707101124257986,0,428,"NoNoise"
"FPM_Time",18,106.366884148941,1,4.3174922754219,3.9809304648079,0.398743235111646,0.414303259365261,44.1284887429972,0.132217666324113,0,0.707088564712858,0,429,"NoNoise"
"FPM_Time",79,138.943880143192,1,31.6164107664009,30.3377586111468,-0.084726810251972,-0.0685506235200756,193.675033719233,0.283225238780843,0,0.707108251452342,0,430,"NoNoise"
"FPM_Time",57,120.171649382757,1,27.135935596366,25.5603693594579,0.305973502282418,0.358031034369519,139.740215970573,0.172562113782023,0,0.707169071777805,0,431,"NoNoise"
"FPM_Time",25,47.4767047165904,1,19.3186777403743,16.6782518214361,0.0825089587527044,0.257023396552886,61.2895686331895,0.666533437675543,0,0.707177531454419,0,432,"NoNoise"
"FPM_Time",45,229.25561543867,1,8.11073986002221,7.9145520742504,0.489550516997183,0.499813836905675,110.321221745108,0.0666100086386652,0,0.707102345757476,0,433,"NoNoise"
"FPM_Time",22,18.0958791688758,1,9.15804368839361,8.64600925100967,0.347266497305357,0.203091495810077,53.934819829825,0.638210156657564,0,0.707064581321914,0,434,"NoNoise"
"FPM_Time",55,99.6363480363146,1,14.693964401062,13.5639466938694,0.225927023783978,0.261063168559717,134.83704897901,0.202027438617698,0,0.707086106188484,0,435,"NoNoise"
"FPM_Time",93,221.718365113547,1,30.9983331389287,31.6481258859436,0.228757442125654,0.21354643775949,227.997191617462,0.119918434891842,0,0.707100921872567,0,436,"NoNoise"
"FPM_Time",73,52.4709799187216,1,17.3151654607009,15.1455116513862,0.181155153659191,0.283145192790107,178.965537510345,0.219674337694919,0,0.707113220532181,0,437,"NoNoise"
"FPM_Time",63,100.744153485932,1,30.4422465959388,28.7948378533621,0.348434948505456,0.380513802305386,154.449712922366,0.043666390715174,0,0.707177063256052,0,438,"NoNoise"
"FPM_Time",17,124.402096506525,1,9.86036415768338,10.2483454110485,0.0212986618993383,0.0166990218185305,41.676906618064,0.2529686948934,0,0.707038825607537,0,439,"NoNoise"
"FPM_Time",62,161.233776953134,1,35.2031797978617,36.9729262364332,0.305872178034376,0.272050424202425,151.998130194163,0.104996688576882,0,0.707036273135101,0,440,"NoNoise"
"FPM_Time",24,113.355201396854,1,10.9977764371179,10.563584914526,0.246485023079844,0.270068292110045,58.8379850401489,0.319044769749832,0,0.707131063427017,0,441,"NoNoise"
"FPM_Time",52,8.59947122917031,1,7.63774223798023,10.1763608143665,0.312924451428695,0.400552435684949,127.48230099296,0.399519459876883,0,0.707134426311918,0,442,"NoNoise"
"FPM_Time",40,116.50546332044,1,20.8154931992708,20.8495073604254,-0.0851369288582892,-0.0943593497355583,98.06330834092,1.45099832893834,0,0.707126886217401,0,443,"NoNoise"
"FPM_Time",36,63.5132253727489,1,17.1720054480584,15.9468509436571,-0.255479372775363,-0.213694360768977,88.2569779840708,38.3491374763058,0,0.707061382223755,0,444,"NoNoise"
"FPM_Time",51,168.224234363897,1,4.59007494730659,4.75854103186086,0.441070278939058,0.437065898893799,125.030718020907,0.0419958694726105,0,0.707117977535558,0,445,"NoNoise"
"FPM_Time",74,85.9103563886666,1,20.2076124865502,19.7992810972428,-0.144147320979711,-0.147936232117354,181.417150534294,1.16019971980099,0,0.707333236958733,0,446,"NoNoise"
"FPM_Time",94,149.194067692858,1,24.2625512158458,23.4608833944114,0.336094649680319,0.36547406607015,230.448774987382,0.12193299957818,0,0.707076487315032,0,447,"NoNoise"
"FPM_Time",46,145.086966742363,1,16.7663734923964,17.1001166262567,0.477441962917991,0.478416889269829,112.772807080632,0.0436362947242995,0,0.707022133728059,0,448,"NoNoise"
"FPM_Time",60,76.826573236197,1,4.55189874385098,4.9434582972747,-0.00279033831201461,-0.0131767928089183,147.094963758975,1.88646189498826,0,0.707161587552821,0,449,"NoNoise"
"FPM_Time",124,250.146640860561,1,39.9724759675786,40.8731424995301,0.524845125291863,0.516860336840174,303.9962592292,0.0153708911646575,0,0.707045111224721,0,450,"NoNoise"
"FPM_Time",34,121.113359717029,1,28.2767759205841,26.9972829534744,-0.18993889786074,-0.172175934091519,83.353811986124,3.58699935813131,0,0.707101975220842,0,451,"NoNoise"
"FPM_Time",81,128.703929525429,1,35.880586844883,33.9409244834151,0.0590154713614851,0.0973610190372736,198.578201325804,0.194979241313096,0,0.707165017350273,0,452,"NoNoise"
"FPM_Time",63,167.8999093551,1,23.1538788252735,24.3549896754187,0.370962634742039,0.342231447444018,154.449715554421,0.114659781070706,0,0.707207595357528,0,453,"NoNoise"
"FPM_Time",47,115.098006474132,1,10.6596007942438,11.1010897706007,0.232298089953602,0.210089044773986,115.224388106353,0.293214959320275,0,0.707157254019103,0,454,"NoNoise"
"FPM_Time",32,80.9896349191243,1,6.0720277209998,6.52390575215195,0.0161039733797239,0.00568303114032206,78.4506497052989,0.809011286601945,0,0.707217475984756,0,455,"NoNoise"
"FPM_Time",85,96.0863116997197,1,30.0286608477721,29.3241482942692,0.850696810884331,0.840633086853052,208.38453533697,0.0368862523932382,0,0.707017781549387,0,456,"NoNoise"
"FPM_Time",57,14.7412548754156,1,3.6750144651846,3.96334803622449,0.473606131362175,0.599906910408754,139.740214206208,0.475215845493771,0,0.707103567643714,0,457,"NoNoise"
"FPM_Time",45,256.1637936117,1,50.5832804874895,50.8028725925613,0.603453890439446,0.590207621411379,110.321223045664,0.0371386516633429,0,0.707167054274448,0,458,"NoNoise"
"FPM_Time",45,121.883270007087,1,32.3630571840053,31.3133533074263,-0.155860277395137,-0.128773705566315,110.321231681428,1.51224357181021,0,0.706940619377491,0,459,"NoNoise"
"FPM_Time",51,11.3660174445029,1,5.00886521398767,9.12031879834831,0.422866672743076,-0.393173638358712,125.030718045011,1.43759724632534,0,0.707120362015681,0,460,"NoNoise"
"FPM_Time",118,204.834787326314,1,32.253153375663,31.4339735126473,0.324433902708754,0.345621765253865,289.286760084334,0.0899275179705257,0,0.707076596069753,0,461,"NoNoise"
"FPM_Time",18,151.105289929764,1,36.6538684656994,36.7661709775026,-0.0312440083393311,-0.0436521078520507,44.1284887072953,0.543460888274413,0,0.707115942325875,0,462,"NoNoise"
"FPM_Time",85,173.671443343864,1,12.0712182882291,11.5026939710601,0.148035052912976,0.160799596137258,208.384532957982,0.231950956834866,0,0.707173300199177,0,463,"NoNoise"
"FPM_Time",42,152.0394360197,1,24.1049611439549,23.1844779912179,0.318707572809425,0.348830855421078,102.966473705906,0.159089677111248,0,0.707090993763059,0,464,"NoNoise"
"FPM_Time",38,95.7179820520892,1,15.8926842098097,15.234283747748,0.548101097297745,0.597622434628767,93.1601428074903,0.14248607159788,0,0.7071021603734,0,465,"NoNoise"
"FPM_Time",66,71.4504521275626,1,15.1732795249333,14.5092515310389,0.747251902322009,0.825405853590928,161.804458834808,0.114347782599335,0,0.707130043501828,0,466,"NoNoise"
"FPM_Time",49,194.97413139911,1,22.3221646369671,21.8921890616733,0.185956729012939,0.188017830616211,120.127553396123,0.0486279403484883,0,0.707152990304133,0,467,"NoNoise"
"FPM_Time",90,21.7938281576919,1,22.1037240503794,16.9255871727946,-0.0566143418751482,0.799802303744946,220.642476942781,0.447230255504261,0,0.706891240104896,0,468,"NoNoise"
"FPM_Time",75,136.541093001021,1,9.66511631676263,10.180081635699,0.0174376399999757,0.00784501357120462,183.868703431906,0.83304741793667,0,0.707076915949045,0,469,"NoNoise"
"FPM_Time",91,123.653981019073,1,39.4860482813319,40.4547459461041,-0.0865602163677538,-0.118773024329092,223.094030873213,0.497231423559118,0,0.7071870687892,0,470,"NoNoise"
"FPM_Time",36,70.7596969960522,1,23.7916973469931,22.4669712266269,0.738130213536685,0.759684455005014,88.2569791205369,0.0363777088321172,0,0.707029281175075,0,471,"NoNoise"
"FPM_Time",67,58.2189904382177,1,12.3590189641722,11.5480909738326,0.0609828050094465,0.0755655694316374,164.256041441389,0.146789543821802,0,0.707125459714687,0,472,"NoNoise"
"FPM_Time",59,19.241482518468,1,17.9796650819931,12.0592866003099,0.218163810785672,1.11364248650862,144.643379816829,0.349026983076671,0,0.707127609432576,0,473,"NoNoise"
"FPM_Time",79,155.986303717797,1,7.35818622919766,6.99686546437432,0.0520477750695852,0.0590839001895919,193.67503591902,0.511710949270626,0,0.707165800862457,0,474,"NoNoise"
"FPM_Time",100,125.478964882767,1,21.3107052319415,20.8688661401902,0.0053261594608251,0.0232844169631132,245.158272675667,0.473504907765493,0,0.707158585915687,0,475,"NoNoise"
"FPM_Time",56,124.155994476136,1,3.07283307072544,3.36420101777645,0.697611392003752,0.667288311185584,137.288756169157,0.0990555094926003,0,0.707634639263705,0,476,"NoNoise"
"FPM_Time",18,36.2494780278368,1,5.90061723718754,7.43288493680672,0.446425872804781,0.291033462314294,44.1284887501126,0.756731488998922,0,0.707126307694185,0,477,"NoNoise"
"FPM_Time",95,136.718818598652,1,26.6621640278087,27.2821695662081,0.11126862511582,0.0878711158135803,232.900357031474,0.252396264211663,0,0.707100606580198,0,478,"NoNoise"
"FPM_Time",48,53.0050468819112,1,14.125667724932,12.5516731534475,0.0132149301724794,0.109565270880236,117.675970327668,0.885889561669208,0,0.707141907928893,0,479,"NoNoise"
"FPM_Time",27,72.167688368166,1,23.052687089673,20.8951146024959,0.0847497656364261,0.175858272029563,66.1927330439167,0.523026297677004,0,0.707104523101304,0,480,"NoNoise"
"FPM_Time",67,146.031280077587,1,34.1204159493652,33.1230777804893,0.344891220003698,0.353937945533513,164.256041259032,0.02919734947372,0,0.707109722912938,0,481,"NoNoise"
"FPM_Time",31,147.007315565629,1,23.4484769116713,22.5460864536751,0.128375041713666,0.140480441644379,75.9990639182613,0.0986352759887376,0,0.707091986038184,0,482,"NoNoise"
"FPM_Time",4,21.4072618856655,1,3.59794555682056,5.13253477917857,0.0898242854679117,-0.124466439432661,9.80633089435088,18.0912596889315,0,0.707154609432612,0,483,"NoNoise"
"FPM_Time",28,91.4527420108031,1,26.5331424522698,27.6453686414283,0.066312604922884,0.0550241359999473,68.6443162104732,0.0795094435323087,0,0.707061350757844,0,484,"NoNoise"
"FPM_Time",23,117.658326748342,1,14.9071917497872,14.4454628201178,0.227164257927836,0.251331928412756,56.3864036595254,0.308199634363715,0,0.707018390735955,0,485,"NoNoise"
"FPM_Time",76,257.813160544342,1,34.5448988759612,33.2575752830837,0.727278361928158,0.751953611036362,186.320300330694,0.0344510530081524,0,0.706951166458738,0,486,"NoNoise"
"FPM_Time",84,54.4863570790515,1,5.40320133151057,6.3988976783312,0.528001631562593,0.438538995911222,205.932948511282,0.266509415367549,0,0.707150204243456,0,487,"NoNoise"
"FPM_Time",56,52.6432445247695,1,47.9020680416611,41.5265412098925,0.387508771095264,0.734173617178008,137.288631547983,0.137894622104535,0,0.707096031125259,0,488,"NoNoise"
"FPM_Time",51,146.442059983299,1,31.3235189377897,32.973566456077,0.172495732549338,0.138422195535186,125.030724042581,0.206123320498197,0,0.707228800206365,0,489,"NoNoise"
"FPM_Time",89,106.859692421117,1,18.0562925261302,16.6703648558636,0.41076889562986,0.464295253975968,218.190860770975,0.137512001716706,0,0.707107329172001,0,490,"NoNoise"
"FPM_Time",34,85.1887196461478,1,24.2654502080409,23.1491354676546,-0.188411754170604,-0.148491267790085,83.3538119920438,2.85026934189229,0,0.707100083364975,0,491,"NoNoise"
"FPM_Time",74,231.704830810551,1,35.4936042012805,35.8937580834266,0.0138585766041077,0.00505457109110946,181.417122257143,0.310268732823279,0,0.707047714181432,0,492,"NoNoise"
"FPM_Time",90,192.464588750268,1,36.2983721778245,36.9760369101458,-0.178604446839738,-0.181706922130088,220.642445762105,2.5639036229075,0,0.707163132736803,0,493,"NoNoise"
"FPM_Time",21,136.428209175261,1,3.40885609904364,3.51897427553106,0.101554153856725,0.0957265488906488,51.483236817044,0.71965815032866,0,0.707112740134406,0,494,"NoNoise"
"FPM_Time",55,82.6463923533399,1,0.825088318521956,0.9553466208571,0.494724855671477,0.466095067287226,134.837051377645,0.209691164385213,0,0.70703011399864,0,495,"NoNoise"
"FPM_Time",83,165.245997636869,1,34.1947359658204,33.053877636296,0.257470842795436,0.28847858704985,203.48136688012,0.133326236091846,0,0.707166163328654,0,496,"NoNoise"
"FPM_Time",91,86.0069492803144,1,9.3230608086999,10.1289252492553,0.062877724496782,0.0394805980534784,223.094026181981,0.513966552267836,0,0.707105843079268,0,497,"NoNoise"
"FPM_Time",28,54.5675159514451,1,29.4809909655107,26.2285144887622,-0.223652526362473,-0.101241513504783,68.6443158525082,0.730651021747692,0,0.707085192691168,0,498,"NoNoise"
"FPM_Time",76,217.502436906393,1,19.1275935385753,18.8000644626417,0.10698237397936,0.115253298401895,186.320287638526,0.23008907484361,0,0.707048909819319,0,499,"NoNoise"
"FPM_Time",40,174.802699709378,1,21.9470757508006,21.2338905595312,0.341052037948952,0.363692789792732,98.0633124957844,0.136283819629827,0,0.706991089813797,0,500,"NoNoise"
