"model","nBites","Emax","nSim","initial_int","int","initial_linear","linear","initial_quad","quad","min_n2ll","u95CI_int","u95CI_int_n2ll","u95CI_int_chisq","u95CI_int_chisq.p","l95CI_int","l95CI_int_n2ll","l95CI_int_chisq","l95CI_int_chisq.p","u95CI_linear","u95CI_linear_n2ll","u95CI_linear_chisq","u95CI_linear_chisq.p","l95CI_linear","l95CI_linear_n2ll","l95CI_linear_chisq","l95CI_linear_chisq.p","u95CI_quad","u95CI_quad_n2ll","u95CI_quad_chisq","u95CI_quad_chisq.p","l95CI_quad","l95CI_quad_n2ll","l95CI_quad_chisq","l95CI_quad_chisq.p","u95CI_quD_chisq.p","ID","int_fit","linear_fit","quad_fit"
"Kissileff_Time",31,71.8449107529209,1,-0.784902236879782,-0.494724661136577,-0.527179471273332,-0.30203179853561,1.29331030007241,1.26806711408578,75.9990638700598,6.6668841656989,NA,NA,NA,-8.30505853900979,NA,NA,NA,2.6708860296167,NA,NA,NA,-1.5947339467496,NA,NA,NA,1.41654494520382,NA,NA,NA,1.18334471337742,NA,NA,NA,NA,1,TRUE,TRUE,TRUE
"Kissileff_Time",18,74.8869102897579,1,-1.20055482789286,8.40480903498994,-2.59487554251,-6.05326591791482,1.35188431569014,1.64451544452599,44.1284897129192,12.3498664173847,NA,NA,NA,-14.7512203468352,NA,NA,NA,-2.36957239343003,NA,NA,NA,-7.28446879674639,NA,NA,NA,1.67314720204589,NA,NA,NA,1.52142496526666,NA,NA,NA,NA,2,TRUE,TRUE,FALSE
"Kissileff_Time",58,80.6943099186902,1,0.969740421888398,6.46732287257834,-1.96450311985735,-3.46709163814929,1.0061470149925,1.108034898164,142.191798152004,6.82713580982429,NA,NA,NA,-4.87944336764887,NA,NA,NA,-0.4843643684839,NA,NA,NA,-3.68427928963063,NA,NA,NA,1.15080035143638,NA,NA,NA,1.02158002807687,NA,NA,NA,NA,3,TRUE,TRUE,FALSE
"Kissileff_Time",23,38.1355866581237,1,-2.09632703588028,9.28105100615304,-1.17336518011,-4.92492835075013,0.667919030562971,0.956701080989154,56.3864034311004,12.7275554279402,NA,NA,NA,-16.6436010380874,NA,NA,NA,0.339670134716807,NA,NA,NA,-6.12183491119798,NA,NA,NA,1.02863911618705,NA,NA,NA,0.313517564125882,NA,NA,NA,NA,4,TRUE,TRUE,TRUE
"Kissileff_Time",13,11.486917906076,1,-8.46900732541406,13.9729970628947,-3.24106481158058,-5.5246811788324,0.192096946218445,0.248339266144266,31.8705753700875,256.83605860482,NA,NA,NA,-1520.52316779099,NA,NA,NA,5.01098149941209,NA,NA,NA,-96.5936164061443,NA,NA,NA,0.337242354766962,NA,NA,NA,-1.22600835444981,NA,NA,NA,NA,5,TRUE,TRUE,TRUE
"Kissileff_Time",52,30.4244595554722,1,-5.40057966094588,-0.955853650512343,1.58625309028138,-0.737651018258349,0.415919207438366,0.674649862557141,127.4823015425,4.26657029108174,NA,NA,NA,-12.7612091806122,NA,NA,NA,2.70703310839986,NA,NA,NA,-2.42623489664226,NA,NA,NA,0.690147831469618,NA,NA,NA,0.454596281793484,NA,NA,NA,NA,6,TRUE,TRUE,FALSE
"Kissileff_Time",21,100.50218557745,1,-3.52006304960292,-1.08337650205349,1.68864695774268,1.17611891864087,1.33416577654163,1.36414481025779,51.4832368114535,3.86593367074276,NA,NA,NA,-10.9503710995472,NA,NA,NA,4.34359888228483,NA,NA,NA,-1.31501772417877,NA,NA,NA,1.59901347000001,NA,NA,NA,1.12779996151168,NA,NA,NA,NA,7,TRUE,TRUE,TRUE
"Kissileff_Time",90,115.418823272258,1,-3.60652254060668,2.63487965361818,-1.12702497193522,-2.7235323406291,0.86489144075328,0.962523498738694,220.642447684157,3.07166958929028,NA,NA,NA,-6.25214692587884,NA,NA,NA,-0.256096531394964,NA,NA,NA,-2.84168908742863,NA,NA,NA,0.964733798512849,NA,NA,NA,0.920339546215373,NA,NA,NA,NA,8,TRUE,TRUE,FALSE
"Kissileff_Time",30,63.9407129505336,1,-9.38658025326514,8.33332619805998,-2.84606354128647,-8.13389645212235,1.12401565837036,1.49779781894595,73.5474822750344,15.4323936588766,NA,NA,NA,-34.2053421413931,NA,NA,NA,4.18965528600067,NA,NA,NA,-9.88174439333151,NA,NA,NA,1.61063944718413,NA,NA,NA,0.696766699978761,NA,NA,NA,NA,9,TRUE,TRUE,TRUE
"Kissileff_Time",45,22.2416965589862,1,2.79041406200426,3.2729380757892,-3.47721766623613,-2.93742799295613,0.59445881510545,0.520258110629465,110.321222952462,34.9271317947778,NA,NA,NA,-29.346168414178,NA,NA,NA,5.37734904173576,NA,NA,NA,-12.3317349531629,NA,NA,NA,1.0192104928965,NA,NA,NA,0.0670929096425897,NA,NA,NA,NA,10,TRUE,TRUE,TRUE
"Kissileff_Time",21,29.3876479382855,1,1.65452546510604,8.77345537405484,-1.790495798498,-4.21626304061077,0.582001540672251,0.76618449406263,51.4832368773891,13.6895563430735,NA,NA,NA,-10.3791451855889,NA,NA,NA,2.39073590336053,NA,NA,NA,-5.97172891588197,NA,NA,NA,0.926392037515622,NA,NA,NA,0.70675852727528,NA,NA,NA,NA,11,TRUE,TRUE,FALSE
"Kissileff_Time",20,39.2588513773127,1,0.807712806244904,27.8715998216281,-3.44445183538968,-8.72192508379093,0.497756632747585,0.749082915210906,49.0316556014717,36.6107151526764,NA,NA,NA,-34.9979963707729,NA,NA,NA,-3.48948726603974,NA,NA,NA,-10.4936565533922,NA,NA,NA,0.833449408777805,NA,NA,NA,0.705402430557263,NA,NA,NA,NA,12,TRUE,FALSE,FALSE
"Kissileff_Time",26,13.8072667506626,1,-7.49604514766139,14.0019553577371,-3.02901175966629,-7.38049115966954,0.332889071442016,0.543183648229902,63.7411504548424,17.4363655950607,NA,NA,NA,-299.006460550195,NA,NA,NA,-5.02816081435503,NA,NA,NA,-15.1145529563167,NA,NA,NA,0.920208620803308,NA,NA,NA,0.478565537924813,NA,NA,NA,NA,13,TRUE,FALSE,FALSE
"Kissileff_Time",59,56.1732093502537,1,5.35767318368813,12.35040951615,-2.68133866615567,-4.09243078289028,0.403485834668159,0.472400485665854,144.643397030188,12.7057545434543,NA,NA,NA,4.05887825179191,NA,NA,NA,-2.39092685691688,NA,NA,NA,-4.17196270716103,NA,NA,NA,0.475571022375812,NA,NA,NA,0.437325386334588,NA,NA,NA,NA,14,TRUE,TRUE,FALSE
"Kissileff_Time",70,89.6357760765766,1,1.15423691092586,-3.81253649647227,-3.4453205004394,-1.70044440525054,1.25538579765235,1.11198179193985,171.610789847274,8.77315425458837,NA,NA,NA,-6.4646255266997,NA,NA,NA,-1.06978476490669,NA,NA,NA,-4.99636847019868,NA,NA,NA,1.23751159596427,NA,NA,NA,1.11185118162084,NA,NA,NA,NA,15,TRUE,TRUE,FALSE
"Kissileff_Time",29,57.8214600086309,1,-6.88336867707043,-1.13576108009479,1.01989517334448,-1.07420475347262,0.914207236046023,1.08036887322588,71.0958990980695,3.87555703823469,NA,NA,NA,-13.4328531994332,NA,NA,NA,1.03202216191217,NA,NA,NA,-2.39304878626903,NA,NA,NA,1.22259379662893,NA,NA,NA,1.01434521260961,NA,NA,NA,NA,16,TRUE,TRUE,FALSE
"Kissileff_Time",29,62.5275294592833,1,-6.41917580554438,-0.320205720723245,0.542661004848128,-1.27744509636014,0.750542938562126,0.888903822979565,71.0958988412952,4.55143528157154,NA,NA,NA,-4.11054857778434,NA,NA,NA,4.18517114093902,NA,NA,NA,-3.09201337926671,NA,NA,NA,1.03371323721041,NA,NA,NA,0.693443823707509,NA,NA,NA,NA,17,FALSE,TRUE,TRUE
"Kissileff_Time",18,60.6598671325553,1,-4.73290357158937,-2.22315588321962,1.04642655907158,-0.0486401942592618,0.426885101291202,0.515497004172158,44.1284888520658,1.13351695989366,NA,NA,NA,-8.39471519242308,NA,NA,NA,2.71609823672598,NA,NA,NA,-0.548393905505871,NA,NA,NA,0.522656962928832,NA,NA,NA,0.461235910396664,NA,NA,NA,NA,18,TRUE,TRUE,FALSE
"Kissileff_Time",53,80.3786875867332,1,1.04965027974915,-0.0390776833400852,1.4843891877203,1.8243935925626,0.650989867550228,0.638492886656914,129.933888598147,4.77105895350765,NA,NA,NA,-2.48496511246751,NA,NA,NA,2.89625203554538,NA,NA,NA,0.103653452289514,NA,NA,NA,0.721602969677969,NA,NA,NA,0.56779783832406,NA,NA,NA,NA,19,TRUE,TRUE,TRUE
"Kissileff_Time",14,72.6818714376437,1,4.92578804881471,7.34188252910363,1.16877230775362,0.570431219576375,0.283737963020541,0.317362191384399,34.3221601204748,8.1664934449635,NA,NA,NA,1.68506195036169,NA,NA,NA,2.11326349998469,NA,NA,NA,0.222903618558653,NA,NA,NA,0.34316813140935,NA,NA,NA,0.257168801688325,NA,NA,NA,NA,20,TRUE,TRUE,TRUE
"Kissileff_Time",50,33.0114262995534,1,-2.76149990398595,-0.435917557728295,1.23334241312021,0.81583079722652,0.207457141049739,0.217013314672071,122.579136816418,1.84852985698376,NA,NA,NA,-6.18282922799515,NA,NA,NA,1.4518967362296,NA,NA,NA,-0.264319138776116,NA,NA,NA,0.288955950246138,NA,NA,NA,0.131653179947864,NA,NA,NA,NA,21,TRUE,TRUE,TRUE
"Kissileff_Time",55,136.082069988455,1,-2.83718882710061,-4.87838432672621,-1.39859903247023,-1.1619811204896,1.54787974308751,1.55590142208439,134.837048876664,4.99744653162734,NA,NA,NA,-10.6719661283569,NA,NA,NA,1.1424948630982,NA,NA,NA,-1.81192282610231,NA,NA,NA,1.58198965535984,NA,NA,NA,1.4422063344087,NA,NA,NA,NA,22,TRUE,TRUE,TRUE
"Kissileff_Time",20,173.351221737,1,7.40601673287652,9.01794789542197,1.41730793650468,1.00179856343951,1.27491972297842,1.2915655090682,49.0316568979585,11.3634053673268,NA,NA,NA,3.44860413248585,NA,NA,NA,2.7738648558847,NA,NA,NA,0.0607479919092352,NA,NA,NA,1.37467343372445,NA,NA,NA,1.17777374910017,NA,NA,NA,NA,23,TRUE,TRUE,TRUE
"Kissileff_Time",28,99.0441095655294,1,-0.0367533943352338,6.92066269616607,-1.14639449862898,-2.66040477461467,0.532519513774459,0.606892612700709,68.6443158459009,8.61702290121845,NA,NA,NA,-8.69044716166448,NA,NA,NA,0.71833713835725,NA,NA,NA,-3.01140950486816,NA,NA,NA,0.626941211531491,NA,NA,NA,0.46690907586967,NA,NA,NA,NA,24,TRUE,TRUE,TRUE
"Kissileff_Time",61,76.6894323406795,1,0.49061167120498,3.23664861477705,-0.823460222890365,-1.34230715255987,0.759078556559508,0.775628321458179,149.546545486481,6.65957261364323,NA,NA,NA,-5.67834439328727,NA,NA,NA,1.12896809808411,NA,NA,NA,-2.78184128334287,NA,NA,NA,0.86640209012354,NA,NA,NA,0.72980489318086,NA,NA,NA,NA,25,TRUE,TRUE,TRUE
"Kissileff_Time",32,58.84329549649,1,-10.79316281897,-5.45167203023066,1.24441336617241,-0.0908157992887124,0.823818288899001,0.898164303117139,78.450646867627,2.92871831581894,NA,NA,NA,-24.5151443425647,NA,NA,NA,6.0179973893215,NA,NA,NA,-3.52917292163931,NA,NA,NA,1.21246704467391,NA,NA,NA,0.44126376886402,NA,NA,NA,NA,26,TRUE,TRUE,TRUE
"Kissileff_Time",14,73.3121327149513,1,-5.62484435336791,-1.91840496675061,1.55442360116498,0.604710111645062,0.212028480630505,0.259287141247625,34.322157888806,-0.658607858758319,NA,NA,NA,-5.69949721903749,NA,NA,NA,1.85095933492251,NA,NA,NA,0.53350260026575,NA,NA,NA,0.260544744072499,NA,NA,NA,0.233435746302496,NA,NA,NA,NA,27,TRUE,TRUE,FALSE
"Kissileff_Time",63,31.6188313463461,1,-7.35374655416907,-2.12663452021377,1.14189341246216,0.515393018995515,0.0261403563702549,0.0434525547235021,154.449712821373,0.379922226220208,NA,NA,NA,-15.0873764357957,NA,NA,NA,2.15314204662363,NA,NA,NA,0.00478536715128297,NA,NA,NA,0.0467079784620862,NA,NA,NA,0.0372817977193579,NA,NA,NA,NA,28,TRUE,TRUE,FALSE
"Kissileff_Time",30,13.9709136335144,1,-0.610512546772546,3.84405664926403,0.743828907070455,-1.4480639468336,0.211458183756607,0.452607142917401,73.5474833257234,4.81670313009497,NA,NA,NA,-6.03769473573146,NA,NA,NA,3.62223934447651,NA,NA,NA,-2.13476284443096,NA,NA,NA,0.558090133416413,NA,NA,NA,-0.0972760193374778,NA,NA,NA,NA,29,TRUE,TRUE,TRUE
"Kissileff_Time",50,12.340726486103,1,-5.49067286243812,7.16252466246354,-0.832054960033066,-3.79005629234209,0.339355707172202,0.497747913151996,122.579136710406,37.6243972318623,NA,NA,NA,-48.605661214377,NA,NA,NA,11.3944191210307,NA,NA,NA,-6.28088145780873,NA,NA,NA,1.06434526418709,NA,NA,NA,-0.469791616148741,NA,NA,NA,NA,30,TRUE,TRUE,TRUE
"Kissileff_Time",87,70.5162183465142,1,-3.22270395410511,0.908476828915083,0.282966004683912,-1.24708641201492,0.576340905612991,0.69242083860564,213.287695873543,1.95428311632146,NA,NA,NA,-8.6429729328826,NA,NA,NA,-1.06794089058252,NA,NA,NA,-1.20960113150519,NA,NA,NA,0.686518731426677,NA,NA,NA,0.686517504256743,NA,NA,NA,NA,31,TRUE,FALSE,FALSE
"Kissileff_Time",23,124.396884744646,1,2.6982386453582,9.58969511825473,-3.3415927215226,-5.66421068854013,1.75983650141321,1.93614029538982,56.3864048680186,11.6102727199165,NA,NA,NA,7.09036814930169,NA,NA,NA,-0.315170261866683,NA,NA,NA,-6.28815577494178,NA,NA,NA,2.00154424363347,NA,NA,NA,1.61465887367015,NA,NA,NA,NA,32,FALSE,TRUE,TRUE
"Kissileff_Time",47,15.9489395102924,1,-1.22516084708708,6.76201679983076,-1.05887401281917,-4.53213788673757,0.780599095757004,1.16346207984074,115.224387159568,15.1215502576111,NA,NA,NA,-17.5718878591823,NA,NA,NA,0.422781158788689,NA,NA,NA,-9.63025916553861,NA,NA,NA,1.85889172185709,NA,NA,NA,0.427242812642634,NA,NA,NA,NA,33,TRUE,TRUE,TRUE
"Kissileff_Time",36,77.3139780597044,1,-2.72950358157182,-0.543422710743346,2.20855433001675,1.40178407329633,0.241515114384703,0.294933917885839,88.2569810531121,0.664946980425448,NA,NA,NA,-6.01561457411552,NA,NA,NA,2.29102351643618,NA,NA,NA,1.32728429182802,NA,NA,NA,0.290535291831636,NA,NA,NA,0.282236882803361,NA,NA,NA,NA,34,TRUE,TRUE,FALSE
"Kissileff_Time",48,28.7941869341802,1,-0.450039089641135,0.653133954128841,0.469221418365896,0.485047081409399,0.0306704097184137,0.0262434932667223,117.67597264738,1.25556997033473,NA,NA,NA,-2.17141197965125,NA,NA,NA,0.554916677088449,NA,NA,NA,0.103098496615057,NA,NA,NA,0.0324471859168761,NA,NA,NA,0.0236248476907764,NA,NA,NA,NA,35,TRUE,TRUE,TRUE
"Kissileff_Time",69,38.5068829703256,1,-3.94072140961089,0.0815840346687894,1.49914229377422,0.174021375018366,0.611021608192661,0.724001134656446,169.15920866916,3.48284654283771,NA,NA,NA,-11.3643819237516,NA,NA,NA,3.92231832716183,NA,NA,NA,-1.89782622994821,NA,NA,NA,0.950190607444183,NA,NA,NA,0.328754701415585,NA,NA,NA,NA,36,TRUE,TRUE,TRUE
"Kissileff_Time",8,99.6158362016496,1,4.86267258240994,10.0397454130506,0.522895714762297,-1.0748034007461,0.737966226647176,0.845876092724308,19.6126616929883,12.7348961795474,NA,NA,NA,-3.00952391371089,NA,NA,NA,2.92218675185491,NA,NA,NA,-1.87639465584303,NA,NA,NA,0.906096190317419,NA,NA,NA,0.571829176162151,NA,NA,NA,NA,37,TRUE,TRUE,TRUE
"Kissileff_Time",59,8.73819266486241,1,-4.00134444428265,9.80158483459661,1.48606674051241,-6.28626667194321,0.201480981432559,1.24922228927568,144.643380191249,12.0654615679472,NA,NA,NA,-15.9282075704846,NA,NA,NA,-0.391699438614453,NA,NA,NA,-7.6130527806264,NA,NA,NA,1.43833238466669,NA,NA,NA,0.68855805198941,NA,NA,NA,NA,38,TRUE,FALSE,FALSE
"Kissileff_Time",89,37.5005832068392,1,-3.62534573707325,-5.28433019095734,-0.40691497251191,0.767158145652321,0.63293008858534,0.497411705125184,218.190867411265,7.90948615590349,NA,NA,NA,-12.9901626194664,NA,NA,NA,3.67683267938512,NA,NA,NA,0.196410295764379,NA,NA,NA,0.907848824517742,NA,NA,NA,0.297245348421031,NA,NA,NA,NA,39,TRUE,FALSE,TRUE
"Kissileff_Time",15,143.202292432484,1,-3.60519443418855,0.40026847929096,0.814322126036719,-0.539436167004132,1.30328621949166,1.41194392945296,36.773741505039,1.68637944609242,NA,NA,NA,-0.216428747418585,NA,NA,NA,-0.0662958938676025,NA,NA,NA,-0.735009337018282,NA,NA,NA,1.42089009205577,NA,NA,NA,1.3419526531821,NA,NA,NA,NA,40,FALSE,FALSE,FALSE
"Kissileff_Time",16,80.7094097406635,1,3.30632984070682,-0.25915917242596,-2.91239733449488,-1.2567032343511,1.30669011110175,1.1587666770132,39.2253246480057,13.4782794188523,NA,NA,NA,-6.86560071269627,NA,NA,NA,0.232261716508751,NA,NA,NA,-6.46147818099267,NA,NA,NA,1.52495639576558,NA,NA,NA,1.014423005591,NA,NA,NA,NA,41,TRUE,TRUE,TRUE
"Kissileff_Time",14,61.7567525643943,1,1.07586906676987,2.4981167354097,1.42856420655314,1.16673255434668,0.122379119058755,0.137191548584484,34.322157965805,5.4792049594094,NA,NA,NA,-3.32746164228464,NA,NA,NA,2.40298866835178,NA,NA,NA,0.453950181980979,NA,NA,NA,0.167927749124305,NA,NA,NA,0.0868529427518643,NA,NA,NA,NA,42,TRUE,TRUE,TRUE
"Kissileff_Time",38,91.0468742583085,1,-4.23776812376845,-5.28574364954448,2.09755332568571,2.20041339302584,0.509605409897034,0.502879561409421,93.1601430628124,-0.000199162811383232,NA,NA,NA,-8.47769522362605,NA,NA,NA,2.77163972482497,NA,NA,NA,1.35965413024587,NA,NA,NA,0.514812214172571,NA,NA,NA,0.461400019917453,NA,NA,NA,NA,43,TRUE,TRUE,TRUE
"Kissileff_Time",14,51.52588461698,1,-2.99911035551919,13.108474480972,-3.05098010616653,-7.79879327183539,1.0515868843488,1.38547386316312,34.3221578776644,21.86831696809,NA,NA,NA,-27.8665811112489,NA,NA,NA,4.52115860892871,NA,NA,NA,-10.6232506965317,NA,NA,NA,1.56055657178725,NA,NA,NA,1.20730911120998,NA,NA,NA,NA,44,TRUE,TRUE,FALSE
"Kissileff_Time",12,60.281104188839,1,-1.35626730167191,8.30683015166088,-1.11131452796997,-3.82888888699917,0.719104865825608,0.897421372974529,29.4189934533539,12.6879111247548,NA,NA,NA,-15.4005089383723,NA,NA,NA,2.20859509845108,NA,NA,NA,-5.22348155733075,NA,NA,NA,0.998783159355053,NA,NA,NA,0.646487297948034,NA,NA,NA,NA,45,TRUE,TRUE,TRUE
"Kissileff_Time",80,139.740032726517,1,-2.56237484551003,1.61721250667038,1.31562089327063,-0.0377592998720672,1.002505548769,1.10069803748428,196.126624736439,2.699223522528,NA,NA,NA,-1.17409776296902,NA,NA,NA,0.29832949686294,NA,NA,NA,-0.317426717480512,NA,NA,NA,1.11861126049215,NA,NA,NA,1.08181999150344,NA,NA,NA,NA,46,FALSE,FALSE,FALSE
"Kissileff_Time",27,120.47317961189,1,1.06476143632868,4.44790873048501,1.05976318338737,0.316823383186559,0.757647350817177,0.794421344147722,66.1927331356053,6.1616993642683,NA,NA,NA,-4.03223057909069,NA,NA,NA,2.53441947061653,NA,NA,NA,-0.468935734932836,NA,NA,NA,0.861157905217933,NA,NA,NA,0.714469392421112,NA,NA,NA,NA,47,TRUE,TRUE,TRUE
"Kissileff_Time",27,120.915423451872,1,-3.13436861756852,4.70336353951434,-1.91563876979652,-4.04744670212138,1.19357254919833,1.32506469751059,66.1927333451006,6.60069526733347,NA,NA,NA,-13.6511136836515,NA,NA,NA,-1.59208812007041,NA,NA,NA,-4.66790390634558,NA,NA,NA,1.38635939145798,NA,NA,NA,1.12249664433492,NA,NA,NA,NA,48,TRUE,TRUE,TRUE
"Kissileff_Time",46,48.2966879760064,1,0.665643750211346,5.78662169762077,-1.06992277468857,-2.84331123584765,0.502922132686277,0.633038721720063,112.772806746054,6.47182533468927,NA,NA,NA,-7.09673863951473,NA,NA,NA,-0.718489847997045,NA,NA,NA,-3.37070830998942,NA,NA,NA,0.651090697499055,NA,NA,NA,0.576959696446831,NA,NA,NA,NA,49,TRUE,TRUE,FALSE
"Kissileff_Time",35,96.8978495928773,1,0.41432317148159,5.63013841866134,-0.652192786163457,-1.85426145992272,0.488214486148284,0.551949246734074,85.8053946866082,7.31108261980356,NA,NA,NA,-6.48251237497633,NA,NA,NA,0.315480116235167,NA,NA,NA,-2.20254128501787,NA,NA,NA,0.561165079973063,NA,NA,NA,0.503436734764758,NA,NA,NA,NA,50,TRUE,TRUE,FALSE
"Kissileff_Time",33,76.764145772804,1,-0.689134870987312,7.4229532007988,-2.51409105326172,-4.5641846985195,0.673575349449712,0.788338469929897,80.9022292936525,12.7604744012486,NA,NA,NA,-14.1387683154496,NA,NA,NA,0.541864867478155,NA,NA,NA,-5.60554957592169,NA,NA,NA,0.791583048492615,NA,NA,NA,0.62399819070689,NA,NA,NA,NA,51,TRUE,TRUE,TRUE
"Kissileff_Time",85,72.8033708122667,1,2.08047741822063,8.3523975518625,-2.0794719437362,-3.73116628414653,0.726054485898472,0.828457479639902,208.384530089327,9.21181815919313,NA,NA,NA,-4.18386008229734,NA,NA,NA,-0.566141316228972,NA,NA,NA,-4.09819795769492,NA,NA,NA,0.857534125254246,NA,NA,NA,0.759257669062846,NA,NA,NA,NA,52,TRUE,TRUE,FALSE
"Kissileff_Time",9,6.4942112664195,1,0.683631088470779,2.05737331610954,0.597950408952027,-0.699386953142277,0.326165293888758,0.683709220966958,22.0642449990653,2.23378542265868,NA,NA,NA,-0.576293652135507,NA,NA,NA,2.48545533660225,NA,NA,NA,-1.28955632047504,NA,NA,NA,0.83643238016022,NA,NA,NA,-0.172960123346372,NA,NA,NA,NA,53,TRUE,TRUE,TRUE
"Kissileff_Time",8,9.22144447353006,1,-1.7674788496283,14.7454541793184,-1.00826148505353,-6.1768984236107,0.304702195265638,0.715446542411673,19.6126618253562,68.3756442630305,NA,NA,NA,-71.9105424251474,NA,NA,NA,19.3906423347566,NA,NA,NA,-21.4073900440385,NA,NA,NA,1.81355840429929,NA,NA,NA,-1.2073324223965,NA,NA,NA,NA,54,TRUE,TRUE,TRUE
"Kissileff_Time",45,22.8897856114447,1,-14.1186091143181,1.55674861058868,-0.38912116337201,-3.66177619755594,0.250173104898072,0.411039009126684,110.321224002018,27.7671861702319,NA,NA,NA,-75.3015721006262,NA,NA,NA,-1.39353113689981,NA,NA,NA,-4.0682803379512,NA,NA,NA,0.424550943978177,NA,NA,NA,0.392560036953197,NA,NA,NA,NA,55,TRUE,FALSE,FALSE
"Kissileff_Time",50,16.9346105975914,1,-5.75918893754764,6.99872539319541,1.37822850543731,-4.67372281090629,0.388764354272043,1.05707588397177,122.579136248361,10.4266145489436,NA,NA,NA,-21.9451297982074,NA,NA,NA,9.01961402421253,NA,NA,NA,-6.26318067621053,NA,NA,NA,1.25512965475439,NA,NA,NA,-0.0480033785490026,NA,NA,NA,NA,56,TRUE,TRUE,TRUE
"Kissileff_Time",74,71.7841347756842,1,1.92012062364172,8.08953517405785,-2.46491591711533,-4.15983571083746,0.60104741450621,0.703611452888277,181.417129427581,9.70525163957277,NA,NA,NA,-5.65543557851021,NA,NA,NA,-1.44327747490856,NA,NA,NA,-4.29704656051953,NA,NA,NA,0.700477413819113,NA,NA,NA,0.664871128746858,NA,NA,NA,NA,57,TRUE,TRUE,FALSE
"Kissileff_Time",32,65.3969006964216,1,0.950845776289897,3.28536707179191,0.28014258174877,-0.99018596468839,1.12433373131006,1.24867636040064,78.4506502803832,6.01335859972403,NA,NA,NA,-2.62220892205404,NA,NA,NA,1.97185682360646,NA,NA,NA,-2.12308104563744,NA,NA,NA,1.30753039961076,NA,NA,NA,1.14058949533675,NA,NA,NA,NA,58,TRUE,TRUE,FALSE
"Kissileff_Time",10,33.3272500473914,1,0.90072137946326,10.736439569936,-3.01150704583128,-6.98831731020716,1.23994088790953,1.64602037281596,24.5158271270809,12.5582992760019,NA,NA,NA,-10.7569219457571,NA,NA,NA,1.96340871472295,NA,NA,NA,-7.98646849788227,NA,NA,NA,1.7524172890501,NA,NA,NA,1.00402189384333,NA,NA,NA,NA,59,TRUE,TRUE,TRUE
"Kissileff_Time",24,78.4525867853131,1,0.0244791723935833,4.77369614227467,0.0996358876886507,-1.77482857464205,1.12598078347766,1.28513636972311,58.8379851070444,6.63811359931969,NA,NA,NA,-6.58919025435458,NA,NA,NA,2.78901356994485,NA,NA,NA,-2.58972757203305,NA,NA,NA,1.37293330235292,NA,NA,NA,0.894513543652127,NA,NA,NA,NA,60,TRUE,TRUE,TRUE
"Kissileff_Time",40,23.155923805442,1,-2.09725908468582,4.88815188431303,0.407354362859767,-1.73744688512069,0.224161084263175,0.380193509499926,98.0633099150283,6.49211755542227,NA,NA,NA,-10.7034512703467,NA,NA,NA,2.28996461604319,NA,NA,NA,-2.41853861714932,NA,NA,NA,0.424156916470645,NA,NA,NA,0.0629311226389288,NA,NA,NA,NA,61,TRUE,TRUE,TRUE
"Kissileff_Time",54,79.1063837783058,1,3.16699671169545,3.35000807722254,-3.5315412231226,-3.50093322428762,1.07278557952085,1.07738497773169,132.385466093805,10.2723972839406,NA,NA,NA,-3.44117861646314,NA,NA,NA,-2.79606086180057,NA,NA,NA,-5.3017211684495,NA,NA,NA,1.08905473929624,NA,NA,NA,1.05539372412708,NA,NA,NA,NA,62,TRUE,TRUE,TRUE
"Kissileff_Time",27,38.1094726412346,1,-2.81503084656178,4.02713289621475,0.739429362014777,-2.76578063086695,0.924595375377489,1.32330323967984,66.1927347368524,6.20999974335094,NA,NA,NA,-11.665239288972,NA,NA,NA,5.33009784355368,NA,NA,NA,-3.8512733156756,NA,NA,NA,1.45738479214043,NA,NA,NA,0.410011936198583,NA,NA,NA,NA,63,TRUE,TRUE,TRUE
"Kissileff_Time",27,103.330080437691,1,3.79120144954986,3.28041078529743,0.97553746063504,1.5882768240138,0.764860054275005,0.70410785301403,66.1927335114323,7.34277932143073,NA,NA,NA,0.239610876248507,NA,NA,NA,2.21173411181128,NA,NA,NA,-0.226666897463272,NA,NA,NA,0.786821705736844,NA,NA,NA,0.668502533416289,NA,NA,NA,NA,64,TRUE,TRUE,TRUE
"Kissileff_Time",29,58.2404351000193,1,0.116679442205892,0.832128174256264,1.9035153081836,1.00172985506371,0.888405605056062,1.00527714161691,71.0959004920614,4.63907731969596,NA,NA,NA,-2.44780915765619,NA,NA,NA,1.50889367006646,NA,NA,NA,0.843866056292319,NA,NA,NA,1.04308521429735,NA,NA,NA,0.924401602517474,NA,NA,NA,NA,65,TRUE,FALSE,FALSE
"Kissileff_Time",18,7.13268505286882,1,-5.23035004019535,3.54517697134259,-2.13803062800584,-6.2994335742807,0.792857481684423,1.24444288344324,44.1284892738929,10.7633652846258,NA,NA,NA,0.104038913996255,NA,NA,NA,77.9571977456982,NA,NA,NA,-9.66535764116806,NA,NA,NA,1.71700164190386,NA,NA,NA,0.539626823441176,NA,NA,NA,NA,66,FALSE,TRUE,TRUE
"Kissileff_Time",53,59.4742561483361,1,-3.68495825307554,2.06678951811306,-0.466686655797634,-2.61557144317378,1.06517677513057,1.26671373906918,129.933883393455,6.01755708265521,NA,NA,NA,-13.3874659171936,NA,NA,NA,1.94183402836583,NA,NA,NA,-4.27269409369825,NA,NA,NA,1.40681658803007,NA,NA,NA,0.801788490768154,NA,NA,NA,NA,67,TRUE,TRUE,TRUE
"Kissileff_Time",56,85.080697492629,1,-7.03096194480938,4.25538036655885,-2.16877573868543,-5.21565427627869,1.1259916583248,1.32579190294608,137.288631552334,7.19789783651109,NA,NA,NA,4.26418751734969,NA,NA,NA,1.90124703967627,NA,NA,NA,-6.27206872263547,NA,NA,NA,1.37101255569446,NA,NA,NA,1.1325878028295,NA,NA,NA,NA,68,FALSE,TRUE,FALSE
"Kissileff_Time",38,33.5065350725693,1,-6.75786767976467,-4.43595299356635,2.32062902695293,0.656697425164692,0.494554992839071,0.716498137992064,93.1601428160293,0.603212167196655,NA,NA,NA,-14.113758803423,NA,NA,NA,5.62051481620925,NA,NA,NA,-0.304405253859415,NA,NA,NA,0.83872848477458,NA,NA,NA,0.314410222888087,NA,NA,NA,NA,69,TRUE,TRUE,TRUE
"Kissileff_Time",47,67.9775929938311,1,-7.24565420333818,-1.28983232100477,2.29242916339002,0.547810309139172,0.517793214620621,0.637216743579577,115.224388676433,0.169133697418968,NA,NA,NA,-11.9429748234133,NA,NA,NA,4.73138607554845,NA,NA,NA,-0.153559629759904,NA,NA,NA,0.670688631728718,NA,NA,NA,0.431829574498181,NA,NA,NA,NA,70,TRUE,TRUE,TRUE
"Kissileff_Time",42,61.0765870464874,1,-1.54770637516497,3.55372756086344,0.499807455108543,-1.80947475082164,0.933448139332939,1.15722255709235,102.966473969127,4.95967146962339,NA,NA,NA,-8.05045536915227,NA,NA,NA,-0.641110238295168,NA,NA,NA,-2.26807441651464,NA,NA,NA,1.20318956207727,NA,NA,NA,0.956667527408678,NA,NA,NA,NA,71,TRUE,FALSE,FALSE
"Kissileff_Time",46,103.236111931478,1,3.00979262855101,8.47751873989181,-3.1009745984403,-5.12567434354529,1.54899805377313,1.72145244850854,112.772805726574,10.0442925507858,NA,NA,NA,-4.02509530057958,NA,NA,NA,-0.581893086996793,NA,NA,NA,-5.61994951045889,NA,NA,NA,1.73700459842524,NA,NA,NA,1.45260521898786,NA,NA,NA,NA,72,TRUE,TRUE,TRUE
"Kissileff_Time",43,121.916510783198,1,-2.84429544133944,2.06469505701166,-1.24787738672566,-3.21371095930767,1.47560910109751,1.64083850500169,105.418058899422,3.27132539541371,NA,NA,NA,-6.48485487332871,NA,NA,NA,-1.86491422154965,NA,NA,NA,-3.28322507843353,NA,NA,NA,1.63420294326336,NA,NA,NA,1.54708876843698,NA,NA,NA,NA,73,TRUE,FALSE,FALSE
"Kissileff_Time",34,60.0395368581541,1,-14.2045316185645,-2.55859043665446,0.662148390654409,-1.95396909526195,0.348383259487274,0.485957263245466,83.3538156293886,3.03715526364559,NA,NA,NA,-21.981740110105,NA,NA,NA,-0.51929148781572,NA,NA,NA,-2.27064500205746,NA,NA,NA,0.507615758287964,NA,NA,NA,0.452857401363444,NA,NA,NA,NA,74,TRUE,FALSE,FALSE
"Kissileff_Time",37,42.8584998890446,1,0.801479409462665,3.36783029292596,1.53173195825546,0.696317812096714,0.339831615551288,0.398330734044908,90.7085601436593,4.17962631788503,NA,NA,NA,-2.57676270725261,NA,NA,NA,2.90274579592884,NA,NA,NA,0.0718056320764845,NA,NA,NA,0.480403279556831,NA,NA,NA,0.254786053445538,NA,NA,NA,NA,75,TRUE,TRUE,TRUE
"Kissileff_Time",77,60.874806636937,1,-1.54871574492934,-3.47937836035684,0.451635316663488,0.596461929369318,0.253672125206477,0.253422591000321,188.771871406877,-3.24922225241065,NA,NA,NA,-6.00602067836962,NA,NA,NA,1.47557818421781,NA,NA,NA,0.626496855022908,NA,NA,NA,0.24629842231924,NA,NA,NA,0.231946721856024,NA,NA,NA,NA,76,FALSE,FALSE,FALSE
"Kissileff_Time",33,53.4046665850013,1,-5.72539272372538,-3.30250429526768,1.31815911176055,1.06581200174601,0.234929677657556,0.235847921550642,80.902229297256,2.24385133832129,NA,NA,NA,-13.6946015364793,NA,NA,NA,3.27927537539194,NA,NA,NA,-0.642980970719957,NA,NA,NA,0.321521372859469,NA,NA,NA,0.1609736568225,NA,NA,NA,NA,77,TRUE,TRUE,TRUE
"Kissileff_Time",22,28.5412072765243,1,1.20269127512809,4.85320341146169,-0.363219613339119,-2.44574407912206,0.716092286224528,0.962890806242644,53.9348195287462,6.17422650847421,NA,NA,NA,-3.76878733992933,NA,NA,NA,2.35579122155668,NA,NA,NA,-3.08279325833615,NA,NA,NA,1.05935573834947,NA,NA,NA,0.430539613527017,NA,NA,NA,NA,78,TRUE,TRUE,TRUE
"Kissileff_Time",27,77.7708387137075,1,1.93773107389503,4.57038583785207,1.23478314458803,0.123339863619952,0.723107181035864,0.82711642513451,66.1927330868635,4.7083273172808,NA,NA,NA,-0.776096317404866,NA,NA,NA,2.30787585263564,NA,NA,NA,0.137980078185133,NA,NA,NA,0.820575806162193,NA,NA,NA,0.730925230168115,NA,NA,NA,NA,79,TRUE,TRUE,FALSE
"Kissileff_Time",60,66.8601245632669,1,-8.415713014088,-1.84969686021491,2.30296726427123,0.120153586479775,0.778062830323159,0.950304481062905,147.094968441271,-0.00331653484340921,NA,NA,NA,-16.8281629236859,NA,NA,NA,5.49847825571166,NA,NA,NA,-0.892432598644158,NA,NA,NA,1.05919744419394,NA,NA,NA,0.590513774832838,NA,NA,NA,NA,80,TRUE,TRUE,TRUE
"Kissileff_Time",60,97.3917074741364,1,-4.3465606000718,-4.14443949987107,1.9041919078834,1.30619458536,1.08220743556892,1.16421910193278,147.094963354343,1.73534126564801,NA,NA,NA,-10.4285075262667,NA,NA,NA,4.14848108705478,NA,NA,NA,-0.431380873273607,NA,NA,NA,1.28338683521737,NA,NA,NA,0.985193041917126,NA,NA,NA,NA,81,TRUE,TRUE,TRUE
"Kissileff_Time",53,99.5787505662203,1,-0.66630500484625,4.62835730071977,-0.554941067236847,-2.06907619820226,0.831384465731833,0.933188342503714,129.93388699236,5.89842776771954,NA,NA,NA,-7.23188564131155,NA,NA,NA,-0.911243979027162,NA,NA,NA,-2.48978562916398,NA,NA,NA,0.955843926591028,NA,NA,NA,0.810903556169949,NA,NA,NA,NA,82,TRUE,FALSE,TRUE
"Kissileff_Time",59,30.6269020475675,1,-4.10054998433542,-1.31034910121451,2.34877238942502,1.69052736943708,0.0614861034089939,0.0923773862839967,144.643379614566,-0.31573598199538,NA,NA,NA,-7.88341117776833,NA,NA,NA,3.39276131435319,NA,NA,NA,1.11478691198588,NA,NA,NA,0.130448029128089,NA,NA,NA,0.0375689409145878,NA,NA,NA,NA,83,TRUE,TRUE,TRUE
"Kissileff_Time",18,72.8199455250757,1,-6.07029565866854,8.82477493732235,-2.71150875503005,-6.98439078925413,1.13926716409431,1.43626166372664,44.1284890231739,14.3370719250421,NA,NA,NA,-26.4774348795348,NA,NA,NA,3.15565468594303,NA,NA,NA,-8.57867670595711,NA,NA,NA,1.43370183828974,NA,NA,NA,0.927570156346122,NA,NA,NA,NA,84,TRUE,TRUE,TRUE
"Kissileff_Time",70,42.0305448064554,1,-6.75533556245856,3.20050915899391,0.363300997746014,-3.34634495413705,0.718650452387749,1.05129968849608,171.610792494901,3.41407576047893,NA,NA,NA,-16.5884540692284,NA,NA,NA,2.88002528187686,NA,NA,NA,-3.40223702241357,NA,NA,NA,1.05134353121309,NA,NA,NA,0.912212667284278,NA,NA,NA,NA,85,TRUE,TRUE,FALSE
"Kissileff_Time",78,43.3339372125909,1,0.434845146754211,2.65002637327184,0.312123868520379,-1.21919828822768,0.785030084746032,0.967154784129199,191.223451020782,3.7983854230518,NA,NA,NA,-2.9282738500548,NA,NA,NA,1.45456289905579,NA,NA,NA,-1.37763710895555,NA,NA,NA,0.980343696646965,NA,NA,NA,0.828408782204425,NA,NA,NA,NA,86,TRUE,TRUE,FALSE
"Kissileff_Time",66,14.8168381194672,1,-4.22221846195448,-1.43229946175236,1.11693114908793,-0.136190370820546,0.328947409127895,0.433490851448746,161.804458573488,9.25415163101176,NA,NA,NA,-17.7013187831784,NA,NA,NA,6.46319277772144,NA,NA,NA,-5.3985284649996,NA,NA,NA,0.510266249829083,NA,NA,NA,0.347808834009242,NA,NA,NA,NA,87,TRUE,TRUE,FALSE
"Kissileff_Time",19,67.961799135426,1,-0.875644232967656,5.23168077692293,-1.1605133505274,-3.16777266709478,0.758923352603891,0.900100096850128,46.5800714018229,5.94853037360996,NA,NA,NA,-7.39197366408702,NA,NA,NA,0.727674291885872,NA,NA,NA,-3.19841272998339,NA,NA,NA,0.902640277891795,NA,NA,NA,0.813124144423064,NA,NA,NA,NA,88,TRUE,TRUE,FALSE
"Kissileff_Time",37,44.5114294717047,1,-0.137006666479558,4.47349097999662,-0.90329117592449,-1.64851974060628,0.22063430740847,0.246158494096707,90.7085601546627,10.8657078522496,NA,NA,NA,-11.1397285172159,NA,NA,NA,1.11378028363542,NA,NA,NA,-2.93390266569231,NA,NA,NA,0.28646459019237,NA,NA,NA,0.240022800354177,NA,NA,NA,NA,89,TRUE,TRUE,FALSE
"Kissileff_Time",23,25.2025519107012,1,-6.94356107522047,1.9840020777746,-0.743711012788349,-4.56526985040313,0.848744696289412,1.25968440550533,56.386402980798,13.1870333431523,NA,NA,NA,-27.0747891109866,NA,NA,NA,7.2413739772108,NA,NA,NA,-8.73811090545908,NA,NA,NA,1.58086649502392,NA,NA,NA,0.113156192178058,NA,NA,NA,NA,90,TRUE,TRUE,TRUE
"Kissileff_Time",22,18.4648417265307,1,-2.69564963546288,12.065839939976,-1.22040169738891,-1.88553575882818,0.0483859287282782,0.0552272535084681,53.9348206945613,141.405057283276,NA,NA,NA,-146.796519348349,NA,NA,NA,-1.73556025252422,NA,NA,NA,-2.59494563810371,NA,NA,NA,0.0563687182713216,NA,NA,NA,0.0563686776462668,NA,NA,NA,NA,91,TRUE,FALSE,FALSE
"Kissileff_Time",9,21.427075016041,1,-0.0815704938385888,6.09925326635874,0.590490024202779,-3.44471494783391,0.744217838911158,1.33111833897204,22.0642444949376,9.05868531843713,NA,NA,NA,-9.22172906027088,NA,NA,NA,6.5378001986075,NA,NA,NA,-5.35670315784529,NA,NA,NA,1.63595357818444,NA,NA,NA,-0.147615971329414,NA,NA,NA,NA,92,TRUE,TRUE,TRUE
"Kissileff_Time",11,38.1830376316569,1,4.97791445088446,7.75687162991871,-3.20215591501444,-4.8440208449938,1.06443668022174,1.26600239199613,26.9674105254881,12.2726366867091,NA,NA,NA,-6.2450310618993,NA,NA,NA,1.5027096179602,NA,NA,NA,-7.90517658678385,NA,NA,NA,1.48798196563967,NA,NA,NA,0.835818354490706,NA,NA,NA,NA,93,TRUE,TRUE,TRUE
"Kissileff_Time",49,21.4576577989919,1,-5.99601294383454,15.6579800233326,-2.26504397775338,-4.57687070744803,0.198910365837029,0.25753029012951,120.127553698398,108.380590278241,NA,NA,NA,-120.372106775823,NA,NA,NA,11.5972697016865,NA,NA,NA,-16.1145709687048,NA,NA,NA,0.603926639722413,NA,NA,NA,-0.118416462216987,NA,NA,NA,NA,94,TRUE,TRUE,TRUE
"Kissileff_Time",22,70.3473551264046,1,0.477127592852306,3.79862815744206,1.6428648235283,0.651640513920906,0.317498741440244,0.378140866764705,53.9348195772645,4.9057366623473,NA,NA,NA,-3.95142124441867,NA,NA,NA,2.96842474613486,NA,NA,NA,0.317314511369105,NA,NA,NA,0.406053965416988,NA,NA,NA,0.264221943856724,NA,NA,NA,NA,95,TRUE,TRUE,TRUE
"Kissileff_Time",57,40.0624255269982,1,-6.29785231149302,13.0587422678886,-2.4585644431101,-6.70524902148851,0.591269906274546,0.823979542842745,139.740216841408,17.914515272399,NA,NA,NA,-30.5104487271428,NA,NA,NA,3.15751139696971,NA,NA,NA,-8.07469859108848,NA,NA,NA,0.910282546190776,NA,NA,NA,0.773526944902017,NA,NA,NA,NA,96,TRUE,TRUE,FALSE
"Kissileff_Time",32,25.848725171531,1,-1.5163694072817,14.9327640109011,-2.38506590842839,-5.43139504210773,0.31715389262486,0.450409191322414,78.4506473962625,31.4781191973745,NA,NA,NA,-34.5107852705114,NA,NA,NA,3.54912811054298,NA,NA,NA,-8.32057069403937,NA,NA,NA,0.539522906752697,NA,NA,NA,0.132908139046739,NA,NA,NA,NA,97,TRUE,TRUE,TRUE
"Kissileff_Time",13,26.8733666291747,1,-1.01224324681053,2.41236334330131,1.8925894946386,-0.116049430036985,0.299592485283418,0.527916580905917,31.8705753787384,2.37503146177034,NA,NA,NA,-3.83311706321293,NA,NA,NA,3.41412693166926,NA,NA,NA,0.155112245788246,NA,NA,NA,0.500304272418372,NA,NA,NA,0.338352016586537,NA,NA,NA,NA,98,TRUE,TRUE,FALSE
"Kissileff_Time",53,55.3045153851456,1,2.48208016907596,16.825511035587,-1.2960294505864,-1.65844345018844,0.0254303643474612,0.0276685578114747,129.933883879074,59.5117934123517,NA,NA,NA,-54.5477462997498,NA,NA,NA,-0.155039983205652,NA,NA,NA,-2.24822438479471,NA,NA,NA,0.0280705390242051,NA,NA,NA,0.0280704149684253,NA,NA,NA,NA,99,TRUE,TRUE,FALSE
"Kissileff_Time",8,48.7405695310966,1,2.02645540197546,5.18525014769358,1.03313343003945,0.523489330993782,0.0569310772131986,0.0759515941820725,19.6126620356382,7.02971356338603,NA,NA,NA,-2.9768344860617,NA,NA,NA,1.93081774052235,NA,NA,NA,0.135462287412173,NA,NA,NA,0.0892285347121448,NA,NA,NA,0.0652711014362937,NA,NA,NA,NA,100,TRUE,TRUE,FALSE
